Time (%),Total Time (ns),Instances,Avg (ns),Med (ns),Min (ns),Max (ns),StdDev (ns),Name
23.0,16783030143,20506,818444.9,819520.0,661952,2162688,24648.5,"void deep_ep::intranode::combine<__nv_bfloat16, (int)4, (int)768, (int)4096>(T1 *, float *, const T1 *, const float *, const T1 *, const T1 *, const int *, const int *, const int *, int *, int, int, int, int, void **, int, int, int)"
22.7,16584403074,20506,808758.6,803872.0,735264,4451168,94816.0,"void deep_ep::intranode::dispatch<(int)4, (int)768, (int)8192>(int4 *, float *, int *, long *, float *, int *, int *, const int4 *, const float *, const long *, const float *, const bool *, const int *, int, int, int, int, int, int, int, int, void **, int, int, int)"
7.4,5381968436,20506,262458.2,186688.0,11360,53322688,712448.6,"void deep_ep::intranode::cached_notify_combine<(int)4>(void **, int *, int, int, int, int **, int)"
6.2,4549650148,20504,221890.9,73664.0,15392,9578592,420616.4,"void deep_ep::intranode::notify_dispatch<(int)4>(const int *, int *, const int *, int *, int, int, int, const bool *, int *, int *, int, int, void **, int **, int)"
4.9,3595269660,82013,43837.8,26912.0,23328,151872,24336.7,"void per_token_group_quant_8bit_kernel<__nv_bfloat16, __nv_fp8_e4m3, (bool)1, (bool)1, unsigned int>(const T1 *, void *, T5 *, int, int, int, float, float, float, int, int)"
2.3,1665769376,20502,81249.1,81056.0,65536,97024,4665.2,fmhaSm100aKernel_QkvBfloat16OBfloat16H128PagedKvCausalP64VarSeqQ128Kv128PersistentContext
2.2,1613446726,20506,78681.7,80512.0,24832,125376,18130.8,_fwd_kernel_ep_gather
1.9,1378170044,20506,67208.1,67520.0,23296,141440,18564.9,"void flashinfer::activation::act_and_mul_kernel<__nv_bfloat16, &silu<float>>(T1 *, const T1 *, int)"
1.7,1240564791,12082,102678.8,102176.0,93888,118528,3798.9,"void deep_gemm::sm100_fp8_gemm_1d1d_impl<(cute::UMMA::Major)0, (cute::UMMA::Major)0, (unsigned int)0, (unsigned int)9216, (unsigned int)4096, (unsigned int)128, (unsigned int)224, (unsigned int)128, (unsigned int)1, (unsigned int)128, (unsigned int)128, (unsigned int)64, (unsigned int)6, (unsigned int)128, (unsigned int)128, (unsigned int)2, (bool)0, (unsigned int)140, (deep_gemm::GemmType)0, (bool)0, cutlass::bfloat16_t, deep_gemm::EpilogueIdentity>(int *, unsigned int, unsigned int, unsigned int, CUtensorMap_st, CUtensorMap_st, CUtensorMap_st, CUtensorMap_st, CUtensorMap_st)"
1.6,1181682079,20718,57036.5,57536.0,10336,62368,4851.6,"void at::native::elementwise_kernel<(int)128, (int)4, void at::native::gpu_kernel_impl_nocast<at::native::direct_copy_kernel_cuda(at::TensorIteratorBase &)::[lambda() (instance 3)]::operator ()() const::[lambda() (instance 12)]::operator ()() const::[lambda(c10::BFloat16) (instance 1)]>(at::TensorIteratorBase &, const T1 &)::[lambda(int) (instance 1)]>(int, T3)"
1.6,1167544060,3291,354768.8,364736.0,118304,543136,81327.3,"void deep_gemm::sm100_fp8_gemm_1d1d_impl<(cute::UMMA::Major)0, (cute::UMMA::Major)0, (unsigned int)0, (unsigned int)3072, (unsigned int)4096, (unsigned int)128, (unsigned int)224, (unsigned int)128, (unsigned int)36, (unsigned int)128, (unsigned int)128, (unsigned int)64, (unsigned int)4, (unsigned int)128, (unsigned int)128, (unsigned int)1, (bool)0, (unsigned int)150, (deep_gemm::GemmType)1, (bool)0, cutlass::bfloat16_t, deep_gemm::EpilogueIdentity>(int *, unsigned int, unsigned int, unsigned int, CUtensorMap_st, CUtensorMap_st, CUtensorMap_st, CUtensorMap_st, CUtensorMap_st)"
1.6,1146413756,3262,351445.1,360752.0,142336,543360,81755.7,"void deep_gemm::sm100_fp8_gemm_1d1d_impl<(cute::UMMA::Major)0, (cute::UMMA::Major)0, (unsigned int)0, (unsigned int)3072, (unsigned int)4096, (unsigned int)128, (unsigned int)224, (unsigned int)128, (unsigned int)36, (unsigned int)128, (unsigned int)128, (unsigned int)64, (unsigned int)4, (unsigned int)128, (unsigned int)128, (unsigned int)1, (bool)0, (unsigned int)151, (deep_gemm::GemmType)1, (bool)0, cutlass::bfloat16_t, deep_gemm::EpilogueIdentity>(int *, unsigned int, unsigned int, unsigned int, CUtensorMap_st, CUtensorMap_st, CUtensorMap_st, CUtensorMap_st, CUtensorMap_st)"
1.6,1136442240,3230,351839.7,361296.0,117664,545760,80600.4,"void deep_gemm::sm100_fp8_gemm_1d1d_impl<(cute::UMMA::Major)0, (cute::UMMA::Major)0, (unsigned int)0, (unsigned int)3072, (unsigned int)4096, (unsigned int)128, (unsigned int)224, (unsigned int)128, (unsigned int)36, (unsigned int)128, (unsigned int)128, (unsigned int)64, (unsigned int)4, (unsigned int)128, (unsigned int)128, (unsigned int)1, (bool)0, (unsigned int)152, (deep_gemm::GemmType)1, (bool)0, cutlass::bfloat16_t, deep_gemm::EpilogueIdentity>(int *, unsigned int, unsigned int, unsigned int, CUtensorMap_st, CUtensorMap_st, CUtensorMap_st, CUtensorMap_st, CUtensorMap_st)"
1.5,1129157756,3223,350343.7,362112.0,130656,551680,81317.5,"void deep_gemm::sm100_fp8_gemm_1d1d_impl<(cute::UMMA::Major)0, (cute::UMMA::Major)0, (unsigned int)0, (unsigned int)3072, (unsigned int)4096, (unsigned int)128, (unsigned int)224, (unsigned int)128, (unsigned int)36, (unsigned int)128, (unsigned int)128, (unsigned int)64, (unsigned int)4, (unsigned int)128, (unsigned int)128, (unsigned int)1, (bool)0, (unsigned int)149, (deep_gemm::GemmType)1, (bool)0, cutlass::bfloat16_t, deep_gemm::EpilogueIdentity>(int *, unsigned int, unsigned int, unsigned int, CUtensorMap_st, CUtensorMap_st, CUtensorMap_st, CUtensorMap_st, CUtensorMap_st)"
1.5,1127792640,20506,54998.2,56208.0,20576,81056,11008.4,_fwd_kernel_ep_scatter_2
1.5,1111561698,41004,27108.6,26528.0,23424,35168,1949.8,"void flashinfer::norm::FusedAddRMSNormKernel<(unsigned int)8, __nv_bfloat16>(T2 *, T2 *, T2 *, unsigned int, unsigned int, unsigned int, float, float)"
1.5,1099896225,5775,190458.2,197216.0,64160,303072,45038.4,"void deep_gemm::sm100_fp8_gemm_1d1d_impl<(cute::UMMA::Major)0, (cute::UMMA::Major)0, (unsigned int)0, (unsigned int)4096, (unsigned int)1536, (unsigned int)128, (unsigned int)224, (unsigned int)128, (unsigned int)36, (unsigned int)128, (unsigned int)128, (unsigned int)64, (unsigned int)4, (unsigned int)128, (unsigned int)128, (unsigned int)1, (bool)0, (unsigned int)152, (deep_gemm::GemmType)1, (bool)0, cutlass::bfloat16_t, deep_gemm::EpilogueIdentity>(int *, unsigned int, unsigned int, unsigned int, CUtensorMap_st, CUtensorMap_st, CUtensorMap_st, CUtensorMap_st, CUtensorMap_st)"
1.4,1047032605,12082,86660.5,84352.0,76288,109952,6380.3,"void deep_gemm::sm100_fp8_gemm_1d1d_impl<(cute::UMMA::Major)0, (cute::UMMA::Major)0, (unsigned int)0, (unsigned int)4096, (unsigned int)8192, (unsigned int)128, (unsigned int)224, (unsigned int)128, (unsigned int)1, (unsigned int)128, (unsigned int)128, (unsigned int)64, (unsigned int)6, (unsigned int)128, (unsigned int)128, (unsigned int)2, (bool)0, (unsigned int)144, (deep_gemm::GemmType)0, (bool)0, cutlass::bfloat16_t, deep_gemm::EpilogueIdentity>(int *, unsigned int, unsigned int, unsigned int, CUtensorMap_st, CUtensorMap_st, CUtensorMap_st, CUtensorMap_st, CUtensorMap_st)"
1.3,965484228,7900,122213.2,122144.0,113055,133120,3079.1,"void deep_gemm::sm100_fp8_gemm_1d1d_impl<(cute::UMMA::Major)0, (cute::UMMA::Major)0, (unsigned int)0, (unsigned int)9216, (unsigned int)4096, (unsigned int)128, (unsigned int)224, (unsigned int)128, (unsigned int)1, (unsigned int)128, (unsigned int)128, (unsigned int)64, (unsigned int)4, (unsigned int)128, (unsigned int)128, (unsigned int)1, (bool)0, (unsigned int)145, (deep_gemm::GemmType)0, (bool)0, cutlass::bfloat16_t, deep_gemm::EpilogueIdentity>(int *, unsigned int, unsigned int, unsigned int, CUtensorMap_st, CUtensorMap_st, CUtensorMap_st, CUtensorMap_st, CUtensorMap_st)"
1.2,906068799,2660,340627.4,357744.0,116864,488640,71339.8,"void deep_gemm::sm100_fp8_gemm_1d1d_impl<(cute::UMMA::Major)0, (cute::UMMA::Major)0, (unsigned int)0, (unsigned int)3072, (unsigned int)4096, (unsigned int)128, (unsigned int)224, (unsigned int)128, (unsigned int)36, (unsigned int)128, (unsigned int)128, (unsigned int)64, (unsigned int)4, (unsigned int)128, (unsigned int)128, (unsigned int)1, (bool)0, (unsigned int)148, (deep_gemm::GemmType)1, (bool)0, cutlass::bfloat16_t, deep_gemm::EpilogueIdentity>(int *, unsigned int, unsigned int, unsigned int, CUtensorMap_st, CUtensorMap_st, CUtensorMap_st, CUtensorMap_st, CUtensorMap_st)"
1.2,838743137,4288,195602.4,202736.0,83072,313248,44881.6,"void deep_gemm::sm100_fp8_gemm_1d1d_impl<(cute::UMMA::Major)0, (cute::UMMA::Major)0, (unsigned int)0, (unsigned int)4096, (unsigned int)1536, (unsigned int)128, (unsigned int)224, (unsigned int)128, (unsigned int)36, (unsigned int)128, (unsigned int)128, (unsigned int)64, (unsigned int)4, (unsigned int)128, (unsigned int)128, (unsigned int)1, (bool)0, (unsigned int)150, (deep_gemm::GemmType)1, (bool)0, cutlass::bfloat16_t, deep_gemm::EpilogueIdentity>(int *, unsigned int, unsigned int, unsigned int, CUtensorMap_st, CUtensorMap_st, CUtensorMap_st, CUtensorMap_st, CUtensorMap_st)"
1.1,837867576,4299,194898.2,199168.0,63968,307680,45977.8,"void deep_gemm::sm100_fp8_gemm_1d1d_impl<(cute::UMMA::Major)0, (cute::UMMA::Major)0, (unsigned int)0, (unsigned int)4096, (unsigned int)1536, (unsigned int)128, (unsigned int)224, (unsigned int)128, (unsigned int)36, (unsigned int)128, (unsigned int)128, (unsigned int)64, (unsigned int)4, (unsigned int)128, (unsigned int)128, (unsigned int)1, (bool)0, (unsigned int)151, (deep_gemm::GemmType)1, (bool)0, cutlass::bfloat16_t, deep_gemm::EpilogueIdentity>(int *, unsigned int, unsigned int, unsigned int, CUtensorMap_st, CUtensorMap_st, CUtensorMap_st, CUtensorMap_st, CUtensorMap_st)"
1.1,837230209,7900,105978.5,106400.0,95360,121696,3477.7,"void deep_gemm::sm100_fp8_gemm_1d1d_impl<(cute::UMMA::Major)0, (cute::UMMA::Major)0, (unsigned int)0, (unsigned int)4096, (unsigned int)8192, (unsigned int)128, (unsigned int)224, (unsigned int)128, (unsigned int)1, (unsigned int)128, (unsigned int)128, (unsigned int)64, (unsigned int)4, (unsigned int)128, (unsigned int)128, (unsigned int)1, (bool)0, (unsigned int)148, (deep_gemm::GemmType)0, (bool)0, cutlass::bfloat16_t, deep_gemm::EpilogueIdentity>(int *, unsigned int, unsigned int, unsigned int, CUtensorMap_st, CUtensorMap_st, CUtensorMap_st, CUtensorMap_st, CUtensorMap_st)"
1.1,789035170,20502,38485.8,38464.0,36000,41504,729.5,"void flashinfer::BatchQKApplyRotaryPosIdsCosSinCacheEnhancedHeadParallelismKernel<(bool)1, (bool)0, (unsigned int)128, (unsigned int)8, (unsigned int)16, __nv_bfloat16, long>(T6 *, T6 *, T6 *, T6 *, T6 *, T6 *, T6 *, float *, T7 *, unsigned int, unsigned int, unsigned int, unsigned int, unsigned long, unsigned long, unsigned long, unsigned long, unsigned long, unsigned long, unsigned long, unsigned long, unsigned long, unsigned long, unsigned long, unsigned long, unsigned long, unsigned long, T7 *)"
1.0,732675519,20502,35736.8,35904.0,28832,42784,2048.2,"void <unnamed>::fused_qknorm<(long)128, (bool)1, __nv_bfloat162, __nv_bfloat16>(<unnamed>::QKNormParams)"
0.8,614865890,2088,294476.0,299280.0,130080,415424,59258.1,"void deep_gemm::sm100_fp8_gemm_1d1d_impl<(cute::UMMA::Major)0, (cute::UMMA::Major)0, (unsigned int)0, (unsigned int)3072, (unsigned int)4096, (unsigned int)128, (unsigned int)224, (unsigned int)128, (unsigned int)36, (unsigned int)128, (unsigned int)128, (unsigned int)64, (unsigned int)4, (unsigned int)128, (unsigned int)128, (unsigned int)1, (bool)0, (unsigned int)147, (deep_gemm::GemmType)1, (bool)0, cutlass::bfloat16_t, deep_gemm::EpilogueIdentity>(int *, unsigned int, unsigned int, unsigned int, CUtensorMap_st, CUtensorMap_st, CUtensorMap_st, CUtensorMap_st, CUtensorMap_st)"
0.8,590901540,20503,28820.2,28480.0,27424,32800,778.6,"void deep_ep::layout::get_dispatch_layout<(int)256, (int)4, (int)8>(const long *, int *, int *, int *, bool *, int, int, int, int)"
0.8,566427811,3239,174877.4,173664.0,68032,243424,36228.2,"void deep_gemm::sm100_fp8_gemm_1d1d_impl<(cute::UMMA::Major)0, (cute::UMMA::Major)0, (unsigned int)0, (unsigned int)4096, (unsigned int)1536, (unsigned int)128, (unsigned int)224, (unsigned int)128, (unsigned int)36, (unsigned int)128, (unsigned int)128, (unsigned int)64, (unsigned int)4, (unsigned int)128, (unsigned int)128, (unsigned int)1, (bool)0, (unsigned int)149, (deep_gemm::GemmType)1, (bool)0, cutlass::bfloat16_t, deep_gemm::EpilogueIdentity>(int *, unsigned int, unsigned int, unsigned int, CUtensorMap_st, CUtensorMap_st, CUtensorMap_st, CUtensorMap_st, CUtensorMap_st)"
0.4,292021887,1122,260269.1,267104.0,115456,333792,42491.5,"void deep_gemm::sm100_fp8_gemm_1d1d_impl<(cute::UMMA::Major)0, (cute::UMMA::Major)0, (unsigned int)0, (unsigned int)3072, (unsigned int)4096, (unsigned int)128, (unsigned int)224, (unsigned int)128, (unsigned int)36, (unsigned int)128, (unsigned int)128, (unsigned int)64, (unsigned int)4, (unsigned int)128, (unsigned int)128, (unsigned int)1, (bool)0, (unsigned int)146, (deep_gemm::GemmType)1, (bool)0, cutlass::bfloat16_t, deep_gemm::EpilogueIdentity>(int *, unsigned int, unsigned int, unsigned int, CUtensorMap_st, CUtensorMap_st, CUtensorMap_st, CUtensorMap_st, CUtensorMap_st)"
0.3,207103138,1425,145335.5,147744.0,77376,191904,22799.5,"void deep_gemm::sm100_fp8_gemm_1d1d_impl<(cute::UMMA::Major)0, (cute::UMMA::Major)0, (unsigned int)0, (unsigned int)4096, (unsigned int)1536, (unsigned int)128, (unsigned int)224, (unsigned int)128, (unsigned int)36, (unsigned int)128, (unsigned int)128, (unsigned int)64, (unsigned int)4, (unsigned int)128, (unsigned int)128, (unsigned int)1, (bool)0, (unsigned int)148, (deep_gemm::GemmType)1, (bool)0, cutlass::bfloat16_t, deep_gemm::EpilogueIdentity>(int *, unsigned int, unsigned int, unsigned int, CUtensorMap_st, CUtensorMap_st, CUtensorMap_st, CUtensorMap_st, CUtensorMap_st)"
0.3,190730174,20503,9302.5,9344.0,5952,12832,891.3,"void at::native::_scatter_gather_elementwise_kernel<(int)128, (int)8, void at::native::_cuda_scatter_gather_internal_kernel<(bool)1, int, long>::operator ()<at::native::ReduceAdd>(at::TensorIterator &, long, long, long, const T1 &)::[lambda(int) (instance 1)]>(int, T3)"
0.2,160443551,20503,7825.4,7776.0,6304,10880,528.1,"void topkGatingSoftmax<__nv_bfloat16, (int)8, (int)128, (int)4, (int)16>(const T1 *, const bool *, float *, int, int *, int, int, int, bool, float, const float *)"
0.2,158571519,664,238812.5,242816.0,139296,290624,28376.6,"void deep_gemm::sm100_fp8_gemm_1d1d_impl<(cute::UMMA::Major)0, (cute::UMMA::Major)0, (unsigned int)0, (unsigned int)3072, (unsigned int)4096, (unsigned int)128, (unsigned int)224, (unsigned int)128, (unsigned int)36, (unsigned int)128, (unsigned int)128, (unsigned int)64, (unsigned int)4, (unsigned int)128, (unsigned int)128, (unsigned int)1, (bool)0, (unsigned int)145, (deep_gemm::GemmType)1, (bool)0, cutlass::bfloat16_t, deep_gemm::EpilogueIdentity>(int *, unsigned int, unsigned int, unsigned int, CUtensorMap_st, CUtensorMap_st, CUtensorMap_st, CUtensorMap_st, CUtensorMap_st)"
0.2,114209921,12442,9179.4,9184.0,8000,11232,417.6,nvjet_tst_64x64_64x16_2x4_2cta_h_bz_TNT
0.1,100648256,796,126442.5,131696.0,64256,155840,19704.6,"void deep_gemm::sm100_fp8_gemm_1d1d_impl<(cute::UMMA::Major)0, (cute::UMMA::Major)0, (unsigned int)0, (unsigned int)4096, (unsigned int)1536, (unsigned int)128, (unsigned int)224, (unsigned int)128, (unsigned int)36, (unsigned int)128, (unsigned int)128, (unsigned int)64, (unsigned int)4, (unsigned int)128, (unsigned int)128, (unsigned int)1, (bool)0, (unsigned int)147, (deep_gemm::GemmType)1, (bool)0, cutlass::bfloat16_t, deep_gemm::EpilogueIdentity>(int *, unsigned int, unsigned int, unsigned int, CUtensorMap_st, CUtensorMap_st, CUtensorMap_st, CUtensorMap_st, CUtensorMap_st)"
0.1,95642049,430,222423.4,229136.0,130112,264096,29218.9,"void deep_gemm::sm100_fp8_gemm_1d1d_impl<(cute::UMMA::Major)0, (cute::UMMA::Major)0, (unsigned int)0, (unsigned int)3072, (unsigned int)4096, (unsigned int)128, (unsigned int)224, (unsigned int)128, (unsigned int)36, (unsigned int)128, (unsigned int)128, (unsigned int)64, (unsigned int)4, (unsigned int)128, (unsigned int)128, (unsigned int)1, (bool)0, (unsigned int)144, (deep_gemm::GemmType)1, (bool)0, cutlass::bfloat16_t, deep_gemm::EpilogueIdentity>(int *, unsigned int, unsigned int, unsigned int, CUtensorMap_st, CUtensorMap_st, CUtensorMap_st, CUtensorMap_st, CUtensorMap_st)"
0.1,84625538,21076,4015.3,3968.0,1312,6336,377.0,"void at::native::index_elementwise_kernel<(int)128, (int)4, void at::native::gpu_index_kernel<void at::native::index_kernel_impl<at::native::OpaqueType<(int)8>>(at::TensorIteratorBase &, c10::ArrayRef<long>, c10::ArrayRef<long>)::[lambda(char *, const char *, long) (instance 1)]>(at::TensorIteratorBase &, c10::ArrayRef<long>, c10::ArrayRef<long>, const T1 &, bool)::[lambda(int) (instance 1)]>(long, T3)"
0.1,76583296,22537,3398.1,3456.0,992,12896,593.1,"void at::native::unrolled_elementwise_kernel<at::native::direct_copy_kernel_cuda(at::TensorIteratorBase &)::[lambda() (instance 3)]::operator ()() const::[lambda() (instance 4)]::operator ()() const::[lambda(long) (instance 1)], std::array<char *, (unsigned long)2>, (int)4, TrivialOffsetCalculator<(int)1, unsigned int>, TrivialOffsetCalculator<(int)1, unsigned int>, at::native::memory::LoadWithCast<(int)1>, at::native::memory::StoreWithCast<(int)1>>(int, T1, T2, T4, T5, T6, T7)"
0.1,73389214,8060,9105.4,9120.0,8288,10656,333.4,nvjet_tst_64x64_64x16_2x2_2cta_h_bz_TNT
0.1,68772256,20935,3285.0,3424.0,800,5472,372.2,"void at::native::unrolled_elementwise_kernel<at::native::direct_copy_kernel_cuda(at::TensorIteratorBase &)::[lambda() (instance 3)]::operator ()() const::[lambda() (instance 3)]::operator ()() const::[lambda(int) (instance 1)], std::array<char *, (unsigned long)2>, (int)4, TrivialOffsetCalculator<(int)1, unsigned int>, TrivialOffsetCalculator<(int)1, unsigned int>, at::native::memory::LoadWithCast<(int)1>, at::native::memory::StoreWithCast<(int)1>>(int, T1, T2, T4, T5, T6, T7)"
0.1,55053792,273,201662.2,202528.0,155040,237792,21874.0,"void deep_gemm::sm100_fp8_gemm_1d1d_impl<(cute::UMMA::Major)0, (cute::UMMA::Major)0, (unsigned int)0, (unsigned int)3072, (unsigned int)4096, (unsigned int)128, (unsigned int)224, (unsigned int)128, (unsigned int)36, (unsigned int)128, (unsigned int)128, (unsigned int)64, (unsigned int)4, (unsigned int)128, (unsigned int)128, (unsigned int)1, (bool)0, (unsigned int)143, (deep_gemm::GemmType)1, (bool)0, cutlass::bfloat16_t, deep_gemm::EpilogueIdentity>(int *, unsigned int, unsigned int, unsigned int, CUtensorMap_st, CUtensorMap_st, CUtensorMap_st, CUtensorMap_st, CUtensorMap_st)"
0.1,45892127,20503,2238.3,2240.0,2080,3776,81.5,"void at::native::elementwise_kernel<(int)128, (int)2, void at::native::gpu_kernel_impl_nocast<at::native::<unnamed>::masked_fill_kernel(at::TensorIterator &, const c10::Scalar &)::[lambda() (instance 1)]::operator ()() const::[lambda() (instance 4)]::operator ()() const::[lambda(long, bool) (instance 1)]>(at::TensorIteratorBase &, const T1 &)::[lambda(int) (instance 1)]>(int, T3)"
0.1,42779105,20506,2086.2,2048.0,1632,3328,228.7,_fwd_kernel_ep_scatter_1
0.1,42620675,360,118390.8,118144.0,113312,126400,2697.0,"void deep_gemm::sm100_fp8_gemm_1d1d_impl<(cute::UMMA::Major)0, (cute::UMMA::Major)0, (unsigned int)0, (unsigned int)9216, (unsigned int)4096, (unsigned int)128, (unsigned int)224, (unsigned int)128, (unsigned int)1, (unsigned int)128, (unsigned int)128, (unsigned int)64, (unsigned int)4, (unsigned int)128, (unsigned int)128, (unsigned int)1, (bool)0, (unsigned int)136, (deep_gemm::GemmType)0, (bool)0, cutlass::bfloat16_t, deep_gemm::EpilogueIdentity>(int *, unsigned int, unsigned int, unsigned int, CUtensorMap_st, CUtensorMap_st, CUtensorMap_st, CUtensorMap_st, CUtensorMap_st)"
0.1,39798944,349,114037.1,116096.0,70560,134784,13732.6,"void deep_gemm::sm100_fp8_gemm_1d1d_impl<(cute::UMMA::Major)0, (cute::UMMA::Major)0, (unsigned int)0, (unsigned int)4096, (unsigned int)1536, (unsigned int)128, (unsigned int)224, (unsigned int)128, (unsigned int)36, (unsigned int)128, (unsigned int)128, (unsigned int)64, (unsigned int)4, (unsigned int)128, (unsigned int)128, (unsigned int)1, (bool)0, (unsigned int)146, (deep_gemm::GemmType)1, (bool)0, cutlass::bfloat16_t, deep_gemm::EpilogueIdentity>(int *, unsigned int, unsigned int, unsigned int, CUtensorMap_st, CUtensorMap_st, CUtensorMap_st, CUtensorMap_st, CUtensorMap_st)"
0.1,37596991,20503,1833.7,1824.0,1408,3328,162.1,"void at::native::vectorized_elementwise_kernel<(int)4, void at::native::compare_scalar_kernel<long>(at::TensorIteratorBase &, at::native::<unnamed>::OpType, T1)::[lambda(long) (instance 1)], std::array<char *, (unsigned long)2>>(int, T2, T3)"
0.1,37526176,20503,1830.3,1824.0,1600,4032,158.5,"void at::native::vectorized_elementwise_kernel<(int)2, at::native::<unnamed>::masked_fill_kernel(at::TensorIterator &, const c10::Scalar &)::[lambda() (instance 1)]::operator ()() const::[lambda() (instance 4)]::operator ()() const::[lambda(long, bool) (instance 1)], std::array<char *, (unsigned long)3>>(int, T2, T3)"
0.1,36830048,360,102305.7,101888.0,95008,112512,3992.3,"void deep_gemm::sm100_fp8_gemm_1d1d_impl<(cute::UMMA::Major)0, (cute::UMMA::Major)0, (unsigned int)0, (unsigned int)4096, (unsigned int)8192, (unsigned int)128, (unsigned int)224, (unsigned int)128, (unsigned int)1, (unsigned int)128, (unsigned int)128, (unsigned int)64, (unsigned int)4, (unsigned int)128, (unsigned int)128, (unsigned int)1, (bool)0, (unsigned int)138, (deep_gemm::GemmType)0, (bool)0, cutlass::bfloat16_t, deep_gemm::EpilogueIdentity>(int *, unsigned int, unsigned int, unsigned int, CUtensorMap_st, CUtensorMap_st, CUtensorMap_st, CUtensorMap_st, CUtensorMap_st)"
0.0,33798655,20503,1648.5,1600.0,1312,3392,133.7,"void at::native::vectorized_elementwise_kernel<(int)4, at::native::bitwise_not_kernel_cuda(at::TensorIteratorBase &)::[lambda(bool) (instance 1)], std::array<char *, (unsigned long)2>>(int, T2, T3)"
0.0,33535840,20503,1635.7,1632.0,1408,3040,89.1,"void at::native::vectorized_elementwise_kernel<(int)4, at::native::AUnaryFunctor<long, long, bool, at::native::<unnamed>::CompareEqFunctor<long>>, std::array<char *, (unsigned long)2>>(int, T2, T3)"
0.0,31636544,21129,1497.3,1408.0,544,3520,291.0,"void at::native::vectorized_elementwise_kernel<(int)4, at::native::FillFunctor<int>, std::array<char *, (unsigned long)1>>(int, T2, T3)"
0.0,27704479,216,128261.5,56768.0,51136,1159168,205433.8,ncclDevKernel_AllGather_RING_LL(ncclDevKernelArgsStorage<(unsigned long)4096>)
0.0,27436478,151,181698.5,182144.0,124352,211968,18613.3,"void deep_gemm::sm100_fp8_gemm_1d1d_impl<(cute::UMMA::Major)0, (cute::UMMA::Major)0, (unsigned int)0, (unsigned int)3072, (unsigned int)4096, (unsigned int)128, (unsigned int)224, (unsigned int)128, (unsigned int)36, (unsigned int)128, (unsigned int)128, (unsigned int)64, (unsigned int)4, (unsigned int)128, (unsigned int)128, (unsigned int)1, (bool)0, (unsigned int)142, (deep_gemm::GemmType)1, (bool)0, cutlass::bfloat16_t, deep_gemm::EpilogueIdentity>(int *, unsigned int, unsigned int, unsigned int, CUtensorMap_st, CUtensorMap_st, CUtensorMap_st, CUtensorMap_st, CUtensorMap_st)"
0.0,24945920,20935,1191.6,1152.0,480,2816,107.7,"void <unnamed>::elementwise_kernel_with_index<int, at::native::arange_cuda_out(const c10::Scalar &, const c10::Scalar &, const c10::Scalar &, at::Tensor &)::[lambda() (instance 1)]::operator ()() const::[lambda() (instance 4)]::operator ()() const::[lambda(long) (instance 1)]>(T1, T2, function_traits<T2>::result_type *)"
0.0,22483745,221,101736.4,100864.0,63648,120672,8228.0,"void deep_gemm::sm100_fp8_gemm_1d1d_impl<(cute::UMMA::Major)0, (cute::UMMA::Major)0, (unsigned int)0, (unsigned int)4096, (unsigned int)1536, (unsigned int)128, (unsigned int)224, (unsigned int)128, (unsigned int)36, (unsigned int)128, (unsigned int)128, (unsigned int)64, (unsigned int)4, (unsigned int)128, (unsigned int)128, (unsigned int)1, (bool)0, (unsigned int)145, (deep_gemm::GemmType)1, (bool)0, cutlass::bfloat16_t, deep_gemm::EpilogueIdentity>(int *, unsigned int, unsigned int, unsigned int, CUtensorMap_st, CUtensorMap_st, CUtensorMap_st, CUtensorMap_st, CUtensorMap_st)"
0.0,19057888,216,88231.0,16640.0,8576,3203488,397109.7,"void sglang::cross_device_reduce_1stage<__nv_bfloat16, (int)4>(sglang::RankData *, sglang::RankSignals, sglang::Signal *, T1 *, int, int)"
0.0,17007550,160,106297.2,106576.0,99168,112736,2750.2,"void deep_gemm::sm100_fp8_gemm_1d1d_impl<(cute::UMMA::Major)0, (cute::UMMA::Major)0, (unsigned int)0, (unsigned int)9216, (unsigned int)4096, (unsigned int)128, (unsigned int)224, (unsigned int)128, (unsigned int)1, (unsigned int)128, (unsigned int)128, (unsigned int)64, (unsigned int)6, (unsigned int)128, (unsigned int)128, (unsigned int)2, (bool)0, (unsigned int)150, (deep_gemm::GemmType)0, (bool)0, cutlass::bfloat16_t, deep_gemm::EpilogueIdentity>(int *, unsigned int, unsigned int, unsigned int, CUtensorMap_st, CUtensorMap_st, CUtensorMap_st, CUtensorMap_st, CUtensorMap_st)"
0.0,15797535,1627,9709.6,9280.0,8704,22784,1897.2,"void at_cuda_detail::cub::DeviceRadixSortSingleTileKernel<at_cuda_detail::cub::detail::radix::policy_hub<int, at_cuda_detail::cub::NullType, unsigned long long>::Policy1000, (bool)0, int, at_cuda_detail::cub::NullType, unsigned long long, at_cuda_detail::cub::detail::identity_decomposer_t>(const T3 *, T3 *, const T4 *, T4 *, T5, int, int, T6)"
0.0,14139424,160,88371.4,87936.0,79648,100224,4801.4,"void deep_gemm::sm100_fp8_gemm_1d1d_impl<(cute::UMMA::Major)0, (cute::UMMA::Major)0, (unsigned int)0, (unsigned int)4096, (unsigned int)8192, (unsigned int)128, (unsigned int)224, (unsigned int)128, (unsigned int)1, (unsigned int)128, (unsigned int)128, (unsigned int)64, (unsigned int)6, (unsigned int)128, (unsigned int)128, (unsigned int)2, (bool)0, (unsigned int)152, (deep_gemm::GemmType)0, (bool)0, cutlass::bfloat16_t, deep_gemm::EpilogueIdentity>(int *, unsigned int, unsigned int, unsigned int, CUtensorMap_st, CUtensorMap_st, CUtensorMap_st, CUtensorMap_st, CUtensorMap_st)"
0.0,12445728,74,168185.5,173344.0,127808,188384,13393.9,"void deep_gemm::sm100_fp8_gemm_1d1d_impl<(cute::UMMA::Major)0, (cute::UMMA::Major)0, (unsigned int)0, (unsigned int)3072, (unsigned int)4096, (unsigned int)128, (unsigned int)224, (unsigned int)128, (unsigned int)36, (unsigned int)128, (unsigned int)128, (unsigned int)64, (unsigned int)4, (unsigned int)128, (unsigned int)128, (unsigned int)1, (bool)0, (unsigned int)140, (deep_gemm::GemmType)1, (bool)0, cutlass::bfloat16_t, deep_gemm::EpilogueIdentity>(int *, unsigned int, unsigned int, unsigned int, CUtensorMap_st, CUtensorMap_st, CUtensorMap_st, CUtensorMap_st, CUtensorMap_st)"
0.0,12096832,188,64344.9,64240.0,61728,68448,1176.7,nvjet_tst_256x40_64x5_2x1_v_bz_TNT
0.0,8796000,92,95608.7,96640.0,69216,105440,6419.5,"void deep_gemm::sm100_fp8_gemm_1d1d_impl<(cute::UMMA::Major)0, (cute::UMMA::Major)0, (unsigned int)0, (unsigned int)4096, (unsigned int)1536, (unsigned int)128, (unsigned int)224, (unsigned int)128, (unsigned int)36, (unsigned int)128, (unsigned int)128, (unsigned int)64, (unsigned int)4, (unsigned int)128, (unsigned int)128, (unsigned int)1, (bool)0, (unsigned int)144, (deep_gemm::GemmType)1, (bool)0, cutlass::bfloat16_t, deep_gemm::EpilogueIdentity>(int *, unsigned int, unsigned int, unsigned int, CUtensorMap_st, CUtensorMap_st, CUtensorMap_st, CUtensorMap_st, CUtensorMap_st)"
0.0,5087424,1843,2760.4,2368.0,1280,16096,1928.3,"void at::native::vectorized_elementwise_kernel<(int)4, at::native::BUnaryFunctor<int, int, int, at::native::binary_internal::div_floor_kernel_cuda(at::TensorIteratorBase &)::[lambda() (instance 1)]::operator ()() const::[lambda() (instance 3)]::operator ()() const::[lambda(int, int) (instance 1)]>, std::array<char *, (unsigned long)2>>(int, T2, T3)"
0.0,4780863,1627,2938.5,2624.0,1888,15968,1535.1,"void at_cuda_detail::cub::DeviceSelectSweepKernel<at_cuda_detail::cub::detail::select::policy_hub<int, at_cuda_detail::cub::NullType, int, (bool)0, (bool)0, (bool)0>::Policy1000, const int *, at_cuda_detail::cub::NullType *, int *, long *, at_cuda_detail::cub::ScanTileState<int, (bool)1>, at_cuda_detail::cub::NullType, cuda::std::__4::equal_to<void>, int, at_cuda_detail::cub::detail::select::streaming_context_t<long, (bool)1>, (bool)0, (bool)0>(T2, T3, T4, T5, T6, T7, T8, T9, int, T10, at_cuda_detail::cub::detail::vsmem_t)"
0.0,3421856,216,15841.9,15744.0,15072,17152,379.1,"void flashinfer::norm::RMSNormKernel<(unsigned int)8, __nv_bfloat16>(T2 *, T2 *, T2 *, unsigned int, unsigned int, unsigned int, float, float)"
0.0,3170560,1335,2375.0,2144.0,1376,5856,809.9,"void at::native::index_elementwise_kernel<(int)128, (int)4, void at::native::gpu_index_kernel<void at::native::index_kernel_impl<at::native::OpaqueType<(int)4>>(at::TensorIteratorBase &, c10::ArrayRef<long>, c10::ArrayRef<long>)::[lambda(char *, const char *, long) (instance 1)]>(at::TensorIteratorBase &, c10::ArrayRef<long>, c10::ArrayRef<long>, const T1 &, bool)::[lambda(int) (instance 1)]>(long, T3)"
0.0,2844832,19,149728.0,158144.0,125856,169440,17569.0,"void deep_gemm::sm100_fp8_gemm_1d1d_impl<(cute::UMMA::Major)0, (cute::UMMA::Major)0, (unsigned int)0, (unsigned int)3072, (unsigned int)4096, (unsigned int)128, (unsigned int)224, (unsigned int)128, (unsigned int)36, (unsigned int)128, (unsigned int)128, (unsigned int)64, (unsigned int)4, (unsigned int)128, (unsigned int)128, (unsigned int)1, (bool)0, (unsigned int)139, (deep_gemm::GemmType)1, (bool)0, cutlass::bfloat16_t, deep_gemm::EpilogueIdentity>(int *, unsigned int, unsigned int, unsigned int, CUtensorMap_st, CUtensorMap_st, CUtensorMap_st, CUtensorMap_st, CUtensorMap_st)"
0.0,2554272,484,5277.4,2336.0,1664,10240,3666.1,"void at::native::vectorized_gather_kernel<(int)16, long>(char *, char *, T2 *, int, long, long, long, long, bool)"
0.0,2104992,216,9745.3,9920.0,8256,12224,760.9,"void at::native::reduce_kernel<(int)512, (int)1, at::native::ReduceOp<float, at::native::ArgMaxOps<float>, unsigned int, long, (int)4, (int)4>>(T3)"
0.0,1862112,1627,1144.5,896.0,512,13696,1350.2,"void at_cuda_detail::cub::DeviceCompactInitKernel<at_cuda_detail::cub::ScanTileState<int, (bool)1>, long *>(T1, int, T2)"
0.0,1767072,28,63109.7,62880.0,60832,65984,1495.1,nvjet_tst_256x32_64x6_2x1_2cta_v_bz_TNT
0.0,1681248,216,7783.6,6000.0,1408,16512,5486.1,"void at::native::vectorized_elementwise_kernel<(int)2, at::native::neg_kernel_cuda(at::TensorIteratorBase &)::[lambda() (instance 2)]::operator ()() const::[lambda() (instance 4)]::operator ()() const::[lambda(long) (instance 1)], std::array<char *, (unsigned long)2>>(int, T2, T3)"
0.0,1546656,1080,1432.1,1408.0,960,2400,232.7,"void at::native::<unnamed>::CatArrayBatchedCopy<at::native::<unnamed>::OpaqueType<(unsigned int)8>, unsigned int, (int)1, (int)64, (int)64>(T1 *, at::native::<unnamed>::CatArrInputTensorMetadata<T1, T2, T4, T5>, at::native::<unnamed>::TensorSizeStride<T2, (unsigned int)4>, int, T2)"
0.0,1483808,864,1717.4,1664.0,1088,3424,291.0,"void at::native::<unnamed>::CatArrayBatchedCopy_alignedK_contig<at::native::<unnamed>::OpaqueType<(unsigned int)4>, unsigned int, (int)1, (int)128, (int)1, (int)16>(T1 *, at::native::<unnamed>::CatArrInputTensorMetadata<T1, T2, T4, T5>, at::native::<unnamed>::TensorSizeStride<T2, (unsigned int)4>, int, T2)"
0.0,1141664,673,1696.4,1664.0,1088,3296,274.5,"void at::native::<unnamed>::CatArrayBatchedCopy_alignedK_contig<at::native::<unnamed>::OpaqueType<(unsigned int)8>, unsigned int, (int)1, (int)128, (int)1, (int)16>(T1 *, at::native::<unnamed>::CatArrInputTensorMetadata<T1, T2, T4, T5>, at::native::<unnamed>::TensorSizeStride<T2, (unsigned int)4>, int, T2)"
0.0,1049536,216,4859.0,4480.0,4000,9408,734.2,"void at::native::unrolled_elementwise_kernel<at::native::direct_copy_kernel_cuda(at::TensorIteratorBase &)::[lambda() (instance 3)]::operator ()() const::[lambda() (instance 7)]::operator ()() const::[lambda(float) (instance 1)], std::array<char *, (unsigned long)2>, (int)4, TrivialOffsetCalculator<(int)1, unsigned int>, TrivialOffsetCalculator<(int)1, unsigned int>, at::native::memory::LoadWithCast<(int)1>, at::native::memory::StoreWithCast<(int)1>>(int, T1, T2, T4, T5, T6, T7)"
0.0,903648,432,2091.8,2112.0,1536,3072,349.9,memcpy_triton_kernel
0.0,815680,432,1888.1,1888.0,1376,2624,248.3,"void at_cuda_detail::cub::DeviceScanKernel<at_cuda_detail::cub::detail::scan::policy_hub<long, long, long, unsigned int, std::plus<long>>::Policy1000, const long *, long *, at_cuda_detail::cub::ScanTileState<long, (bool)1>, std::plus<long>, at_cuda_detail::cub::NullType, unsigned int, long, (bool)0>(T2, T3, T4, int, T5, T6, T7)"
0.0,761696,5,152339.2,152448.0,149280,155712,2941.4,"void deep_gemm::sm100_fp8_gemm_1d1d_impl<(cute::UMMA::Major)0, (cute::UMMA::Major)0, (unsigned int)0, (unsigned int)3072, (unsigned int)4096, (unsigned int)128, (unsigned int)224, (unsigned int)128, (unsigned int)36, (unsigned int)128, (unsigned int)128, (unsigned int)64, (unsigned int)4, (unsigned int)128, (unsigned int)128, (unsigned int)1, (bool)0, (unsigned int)138, (deep_gemm::GemmType)1, (bool)0, cutlass::bfloat16_t, deep_gemm::EpilogueIdentity>(int *, unsigned int, unsigned int, unsigned int, CUtensorMap_st, CUtensorMap_st, CUtensorMap_st, CUtensorMap_st, CUtensorMap_st)"
0.0,755328,6,125888.0,126064.0,123264,128896,2066.6,"void deep_gemm::sm100_fp8_gemm_1d1d_impl<(cute::UMMA::Major)0, (cute::UMMA::Major)0, (unsigned int)0, (unsigned int)3072, (unsigned int)4096, (unsigned int)128, (unsigned int)224, (unsigned int)128, (unsigned int)36, (unsigned int)128, (unsigned int)128, (unsigned int)64, (unsigned int)4, (unsigned int)128, (unsigned int)128, (unsigned int)1, (bool)0, (unsigned int)135, (deep_gemm::GemmType)1, (bool)0, cutlass::bfloat16_t, deep_gemm::EpilogueIdentity>(int *, unsigned int, unsigned int, unsigned int, CUtensorMap_st, CUtensorMap_st, CUtensorMap_st, CUtensorMap_st, CUtensorMap_st)"
0.0,692896,407,1702.4,1696.0,1120,2624,280.9,"void at_cuda_detail::cub::DeviceScanKernel<at_cuda_detail::cub::detail::scan::policy_hub<int, int, int, unsigned int, std::plus<int>>::Policy1000, const int *, int *, at_cuda_detail::cub::ScanTileState<int, (bool)1>, std::plus<int>, at_cuda_detail::cub::NullType, unsigned int, int, (bool)0>(T2, T3, T4, int, T5, T6, T7)"
0.0,675072,432,1562.7,1568.0,1152,3008,284.6,"void at::native::vectorized_elementwise_kernel<(int)8, at::native::FillFunctor<c10::BFloat16>, std::array<char *, (unsigned long)1>>(int, T2, T3)"
0.0,664352,5,132870.4,128960.0,125344,142944,7872.2,"void deep_gemm::sm100_fp8_gemm_1d1d_impl<(cute::UMMA::Major)0, (cute::UMMA::Major)0, (unsigned int)0, (unsigned int)3072, (unsigned int)4096, (unsigned int)128, (unsigned int)224, (unsigned int)128, (unsigned int)36, (unsigned int)128, (unsigned int)128, (unsigned int)64, (unsigned int)4, (unsigned int)128, (unsigned int)128, (unsigned int)1, (bool)0, (unsigned int)137, (deep_gemm::GemmType)1, (bool)0, cutlass::bfloat16_t, deep_gemm::EpilogueIdentity>(int *, unsigned int, unsigned int, unsigned int, CUtensorMap_st, CUtensorMap_st, CUtensorMap_st, CUtensorMap_st, CUtensorMap_st)"
0.0,657568,216,3044.3,2976.0,2240,4704,433.3,write_req_to_token_pool_triton
0.0,656992,432,1520.8,1504.0,1024,2656,238.8,"void at::native::vectorized_elementwise_kernel<(int)2, at::native::CUDAFunctorOnSelf_add<long>, std::array<char *, (unsigned long)2>>(int, T2, T3)"
0.0,575264,216,2663.3,2672.0,1920,4096,398.0,alloc_extend_kernel
0.0,563712,7,80530.3,88128.0,65152,89696,11145.2,"void deep_gemm::sm100_fp8_gemm_1d1d_impl<(cute::UMMA::Major)0, (cute::UMMA::Major)0, (unsigned int)0, (unsigned int)4096, (unsigned int)1536, (unsigned int)128, (unsigned int)224, (unsigned int)128, (unsigned int)36, (unsigned int)128, (unsigned int)128, (unsigned int)64, (unsigned int)4, (unsigned int)128, (unsigned int)128, (unsigned int)1, (bool)0, (unsigned int)143, (deep_gemm::GemmType)1, (bool)0, cutlass::bfloat16_t, deep_gemm::EpilogueIdentity>(int *, unsigned int, unsigned int, unsigned int, CUtensorMap_st, CUtensorMap_st, CUtensorMap_st, CUtensorMap_st, CUtensorMap_st)"
0.0,534016,216,2472.3,2528.0,1728,4160,457.7,triton_poi_fused_clamp_copy__index_lt_neg_where_0
0.0,515616,191,2699.6,2624.0,2176,3904,320.4,"void at::native::reduce_kernel<(int)512, (int)1, at::native::ReduceOp<long, at::native::func_wrapper_t<long, at::native::sum_functor<long, long, long>::operator ()(at::TensorIterator &)::[lambda(long, long) (instance 1)]>, unsigned int, long, (int)4, (int)4>>(T3)"
0.0,473984,6,78997.3,82768.0,68960,84480,6917.0,"void deep_gemm::sm100_fp8_gemm_1d1d_impl<(cute::UMMA::Major)0, (cute::UMMA::Major)0, (unsigned int)0, (unsigned int)4096, (unsigned int)1536, (unsigned int)128, (unsigned int)224, (unsigned int)128, (unsigned int)36, (unsigned int)128, (unsigned int)128, (unsigned int)64, (unsigned int)4, (unsigned int)128, (unsigned int)128, (unsigned int)1, (bool)0, (unsigned int)142, (deep_gemm::GemmType)1, (bool)0, cutlass::bfloat16_t, deep_gemm::EpilogueIdentity>(int *, unsigned int, unsigned int, unsigned int, CUtensorMap_st, CUtensorMap_st, CUtensorMap_st, CUtensorMap_st, CUtensorMap_st)"
0.0,436768,432,1011.0,992.0,640,1728,179.8,"void at_cuda_detail::cub::DeviceScanInitKernel<at_cuda_detail::cub::ScanTileState<long, (bool)1>>(T1, int)"
0.0,427744,216,1980.3,1920.0,1152,3904,406.8,"void at::native::<unnamed>::CatArrayBatchedCopy_alignedK_contig<at::native::<unnamed>::OpaqueType<(unsigned int)4>, unsigned int, (int)2, (int)128, (int)1, (int)16>(T1 *, at::native::<unnamed>::CatArrInputTensorMetadata<T1, T2, T4, T5>, at::native::<unnamed>::TensorSizeStride<T2, (unsigned int)4>, int, T2)"
0.0,422112,216,1954.2,1952.0,1280,2976,321.9,compute_position_kernel
0.0,420032,3,140010.7,140576.0,137984,141472,1811.4,"void deep_gemm::sm100_fp8_gemm_1d1d_impl<(cute::UMMA::Major)0, (cute::UMMA::Major)0, (unsigned int)0, (unsigned int)3072, (unsigned int)4096, (unsigned int)128, (unsigned int)224, (unsigned int)128, (unsigned int)36, (unsigned int)128, (unsigned int)128, (unsigned int)64, (unsigned int)4, (unsigned int)128, (unsigned int)128, (unsigned int)1, (bool)0, (unsigned int)136, (deep_gemm::GemmType)1, (bool)0, cutlass::bfloat16_t, deep_gemm::EpilogueIdentity>(int *, unsigned int, unsigned int, unsigned int, CUtensorMap_st, CUtensorMap_st, CUtensorMap_st, CUtensorMap_st, CUtensorMap_st)"
0.0,414720,6,69120.0,69280.0,67904,70208,788.8,"void deep_gemm::sm100_fp8_gemm_1d1d_impl<(cute::UMMA::Major)0, (cute::UMMA::Major)0, (unsigned int)0, (unsigned int)4096, (unsigned int)1536, (unsigned int)128, (unsigned int)224, (unsigned int)128, (unsigned int)36, (unsigned int)128, (unsigned int)128, (unsigned int)64, (unsigned int)4, (unsigned int)128, (unsigned int)128, (unsigned int)1, (bool)0, (unsigned int)140, (deep_gemm::GemmType)1, (bool)0, cutlass::bfloat16_t, deep_gemm::EpilogueIdentity>(int *, unsigned int, unsigned int, unsigned int, CUtensorMap_st, CUtensorMap_st, CUtensorMap_st, CUtensorMap_st, CUtensorMap_st)"
0.0,374752,407,920.8,896.0,512,2272,211.1,"void at_cuda_detail::cub::DeviceScanInitKernel<at_cuda_detail::cub::ScanTileState<int, (bool)1>>(T1, int)"
0.0,339904,191,1779.6,1664.0,896,3456,447.3,"void at::native::<unnamed>::CatArrayBatchedCopy_contig<at::native::<unnamed>::OpaqueType<(unsigned int)8>, unsigned int, (int)1, (int)128, (int)1>(T1 *, at::native::<unnamed>::CatArrInputTensorMetadata<T1, T2, T4, T5>, at::native::<unnamed>::TensorSizeStride<T2, (unsigned int)4>, int, T2)"
0.0,293312,216,1357.9,1344.0,1088,2080,147.6,"void at::native::<unnamed>::CatArrayBatchedCopy<at::native::<unnamed>::OpaqueType<(unsigned int)4>, unsigned int, (int)1, (int)64, (int)64>(T1 *, at::native::<unnamed>::CatArrInputTensorMetadata<T1, T2, T4, T5>, at::native::<unnamed>::TensorSizeStride<T2, (unsigned int)4>, int, T2)"
0.0,128544,2,64272.0,64272.0,63872,64672,565.7,"void deep_gemm::sm100_fp8_gemm_1d1d_impl<(cute::UMMA::Major)0, (cute::UMMA::Major)0, (unsigned int)0, (unsigned int)4096, (unsigned int)1536, (unsigned int)128, (unsigned int)224, (unsigned int)128, (unsigned int)36, (unsigned int)128, (unsigned int)128, (unsigned int)64, (unsigned int)4, (unsigned int)128, (unsigned int)128, (unsigned int)1, (bool)0, (unsigned int)141, (deep_gemm::GemmType)1, (bool)0, cutlass::bfloat16_t, deep_gemm::EpilogueIdentity>(int *, unsigned int, unsigned int, unsigned int, CUtensorMap_st, CUtensorMap_st, CUtensorMap_st, CUtensorMap_st, CUtensorMap_st)"
0.0,66976,1,66976.0,66976.0,66976,66976,0.0,"void deep_gemm::sm100_fp8_gemm_1d1d_impl<(cute::UMMA::Major)0, (cute::UMMA::Major)0, (unsigned int)0, (unsigned int)4096, (unsigned int)1536, (unsigned int)128, (unsigned int)224, (unsigned int)128, (unsigned int)36, (unsigned int)128, (unsigned int)128, (unsigned int)64, (unsigned int)4, (unsigned int)128, (unsigned int)128, (unsigned int)1, (bool)0, (unsigned int)139, (deep_gemm::GemmType)1, (bool)0, cutlass::bfloat16_t, deep_gemm::EpilogueIdentity>(int *, unsigned int, unsigned int, unsigned int, CUtensorMap_st, CUtensorMap_st, CUtensorMap_st, CUtensorMap_st, CUtensorMap_st)"
0.0,47168,54,873.5,864.0,736,1792,157.0,"void at::native::vectorized_elementwise_kernel<(int)2, at::native::FillFunctor<long>, std::array<char *, (unsigned long)1>>(int, T2, T3)"
