tp_size,ep_size,dp_size,nnodes,batch_size,input_len,output_len,moe_a2a_backend,request_id,actual_input_len,actual_output_len,ttft_ms,decode_time
8,8,8,2,128,1024,512,deepep,0,1024,512,0.0,
8,8,8,2,128,1024,512,deepep,1,1024,512,0.0,
8,8,8,2,128,1024,512,deepep,2,1024,512,0.0,
8,8,8,2,128,1024,512,deepep,3,1024,512,0.0,
8,8,8,2,128,1024,512,deepep,4,1024,512,0.0,
8,8,8,2,128,1024,512,deepep,5,1024,512,0.0,
8,8,8,2,128,1024,512,deepep,6,1024,512,0.0,
8,8,8,2,128,1024,512,deepep,7,1024,512,0.0,
8,8,8,2,128,1024,512,deepep,8,1024,512,0.0,
8,8,8,2,128,1024,512,deepep,9,1024,512,0.0,
8,8,8,2,128,1024,512,deepep,10,1024,512,0.0,
8,8,8,2,128,1024,512,deepep,11,1024,512,0.0,
8,8,8,2,128,1024,512,deepep,12,1024,512,0.0,
8,8,8,2,128,1024,512,deepep,13,1024,512,0.0,
8,8,8,2,128,1024,512,deepep,14,1024,512,0.0,
8,8,8,2,128,1024,512,deepep,15,1024,512,0.0,
8,8,8,2,128,1024,512,deepep,16,1024,512,0.0,
8,8,8,2,128,1024,512,deepep,17,1024,512,0.0,
8,8,8,2,128,1024,512,deepep,18,1024,512,0.0,
8,8,8,2,128,1024,512,deepep,19,1024,512,0.0,
8,8,8,2,128,1024,512,deepep,20,1024,512,0.0,
8,8,8,2,128,1024,512,deepep,21,1024,512,0.0,
8,8,8,2,128,1024,512,deepep,22,1024,512,0.0,
8,8,8,2,128,1024,512,deepep,23,1024,512,0.0,
8,8,8,2,128,1024,512,deepep,24,1024,512,0.0,
8,8,8,2,128,1024,512,deepep,25,1024,512,0.0,
8,8,8,2,128,1024,512,deepep,26,1024,512,0.0,
8,8,8,2,128,1024,512,deepep,27,1024,512,0.0,
8,8,8,2,128,1024,512,deepep,28,1024,512,0.0,
8,8,8,2,128,1024,512,deepep,29,1024,512,0.0,
8,8,8,2,128,1024,512,deepep,30,1024,512,0.0,
8,8,8,2,128,1024,512,deepep,31,1024,512,0.0,
8,8,8,2,128,1024,512,deepep,32,1024,512,0.0,
8,8,8,2,128,1024,512,deepep,33,1024,512,0.0,
8,8,8,2,128,1024,512,deepep,34,1024,512,0.0,
8,8,8,2,128,1024,512,deepep,35,1024,512,0.0,
8,8,8,2,128,1024,512,deepep,36,1024,512,0.0,
8,8,8,2,128,1024,512,deepep,37,1024,512,0.0,
8,8,8,2,128,1024,512,deepep,38,1024,512,0.0,
8,8,8,2,128,1024,512,deepep,39,1024,512,0.0,
8,8,8,2,128,1024,512,deepep,40,1024,512,0.0,
8,8,8,2,128,1024,512,deepep,41,1024,512,0.0,
8,8,8,2,128,1024,512,deepep,42,1024,512,0.0,
8,8,8,2,128,1024,512,deepep,43,1024,512,0.0,
8,8,8,2,128,1024,512,deepep,44,1024,512,0.0,
8,8,8,2,128,1024,512,deepep,45,1024,512,0.0,
8,8,8,2,128,1024,512,deepep,46,1024,512,0.0,
8,8,8,2,128,1024,512,deepep,47,1024,512,0.0,
8,8,8,2,128,1024,512,deepep,48,1024,512,0.0,
8,8,8,2,128,1024,512,deepep,49,1024,512,0.0,
8,8,8,2,128,1024,512,deepep,50,1024,512,0.0,
8,8,8,2,128,1024,512,deepep,51,1024,512,0.0,
8,8,8,2,128,1024,512,deepep,52,1024,512,0.0,
8,8,8,2,128,1024,512,deepep,53,1024,512,0.0,
8,8,8,2,128,1024,512,deepep,54,1024,512,0.0,
8,8,8,2,128,1024,512,deepep,55,1024,512,0.0,
8,8,8,2,128,1024,512,deepep,56,1024,512,0.0,
8,8,8,2,128,1024,512,deepep,57,1024,512,0.0,
8,8,8,2,128,1024,512,deepep,58,1024,512,0.0,
8,8,8,2,128,1024,512,deepep,59,1024,512,0.0,
8,8,8,2,128,1024,512,deepep,60,1024,512,0.0,
8,8,8,2,128,1024,512,deepep,61,1024,512,0.0,
8,8,8,2,128,1024,512,deepep,62,1024,512,0.0,
8,8,8,2,128,1024,512,deepep,63,1024,512,0.0,
8,8,8,2,128,1024,512,deepep,64,1024,512,0.0,
8,8,8,2,128,1024,512,deepep,65,1024,512,0.0,
8,8,8,2,128,1024,512,deepep,66,1024,512,0.0,
8,8,8,2,128,1024,512,deepep,67,1024,512,0.0,
8,8,8,2,128,1024,512,deepep,68,1024,512,0.0,
8,8,8,2,128,1024,512,deepep,69,1024,512,0.0,
8,8,8,2,128,1024,512,deepep,70,1024,512,0.0,
8,8,8,2,128,1024,512,deepep,71,1024,512,0.0,
8,8,8,2,128,1024,512,deepep,72,1024,512,0.0,
8,8,8,2,128,1024,512,deepep,73,1024,512,0.0,
8,8,8,2,128,1024,512,deepep,74,1024,512,0.0,
8,8,8,2,128,1024,512,deepep,75,1024,512,0.0,
8,8,8,2,128,1024,512,deepep,76,1024,512,0.0,
8,8,8,2,128,1024,512,deepep,77,1024,512,0.0,
8,8,8,2,128,1024,512,deepep,78,1024,512,0.0,
8,8,8,2,128,1024,512,deepep,79,1024,512,0.0,
8,8,8,2,128,1024,512,deepep,80,1024,512,0.0,
8,8,8,2,128,1024,512,deepep,81,1024,512,0.0,
8,8,8,2,128,1024,512,deepep,82,1024,512,0.0,
8,8,8,2,128,1024,512,deepep,83,1024,512,0.0,
8,8,8,2,128,1024,512,deepep,84,1024,512,0.0,
8,8,8,2,128,1024,512,deepep,85,1024,512,0.0,
8,8,8,2,128,1024,512,deepep,86,1024,512,0.0,
8,8,8,2,128,1024,512,deepep,87,1024,512,0.0,
8,8,8,2,128,1024,512,deepep,88,1024,512,0.0,
8,8,8,2,128,1024,512,deepep,89,1024,512,0.0,
8,8,8,2,128,1024,512,deepep,90,1024,512,0.0,
8,8,8,2,128,1024,512,deepep,91,1024,512,0.0,
8,8,8,2,128,1024,512,deepep,92,1024,512,0.0,
8,8,8,2,128,1024,512,deepep,93,1024,512,0.0,
8,8,8,2,128,1024,512,deepep,94,1024,512,0.0,
8,8,8,2,128,1024,512,deepep,95,1024,512,0.0,
8,8,8,2,128,1024,512,deepep,96,1024,512,0.0,
8,8,8,2,128,1024,512,deepep,97,1024,512,0.0,
8,8,8,2,128,1024,512,deepep,98,1024,512,0.0,
8,8,8,2,128,1024,512,deepep,99,1024,512,0.0,
8,8,8,2,128,1024,512,deepep,100,1024,512,0.0,
8,8,8,2,128,1024,512,deepep,101,1024,512,0.0,
8,8,8,2,128,1024,512,deepep,102,1024,512,0.0,
8,8,8,2,128,1024,512,deepep,103,1024,512,0.0,
8,8,8,2,128,1024,512,deepep,104,1024,512,0.0,
8,8,8,2,128,1024,512,deepep,105,1024,512,0.0,
8,8,8,2,128,1024,512,deepep,106,1024,512,0.0,
8,8,8,2,128,1024,512,deepep,107,1024,512,0.0,
8,8,8,2,128,1024,512,deepep,108,1024,512,0.0,
8,8,8,2,128,1024,512,deepep,109,1024,512,0.0,
8,8,8,2,128,1024,512,deepep,110,1024,512,0.0,
8,8,8,2,128,1024,512,deepep,111,1024,512,0.0,
8,8,8,2,128,1024,512,deepep,112,1024,512,0.0,
8,8,8,2,128,1024,512,deepep,113,1024,512,0.0,
8,8,8,2,128,1024,512,deepep,114,1024,512,0.0,
8,8,8,2,128,1024,512,deepep,115,1024,512,0.0,
8,8,8,2,128,1024,512,deepep,116,1024,512,0.0,
8,8,8,2,128,1024,512,deepep,117,1024,512,0.0,
8,8,8,2,128,1024,512,deepep,118,1024,512,0.0,
8,8,8,2,128,1024,512,deepep,119,1024,512,0.0,
8,8,8,2,128,1024,512,deepep,120,1024,512,0.0,
8,8,8,2,128,1024,512,deepep,121,1024,512,0.0,
8,8,8,2,128,1024,512,deepep,122,1024,512,0.0,
8,8,8,2,128,1024,512,deepep,123,1024,512,0.0,
8,8,8,2,128,1024,512,deepep,124,1024,512,0.0,
8,8,8,2,128,1024,512,deepep,125,1024,512,0.0,
8,8,8,2,128,1024,512,deepep,126,1024,512,0.0,
8,8,8,2,128,1024,512,deepep,127,1024,512,0.0,
8,8,8,2,128,2048,512,deepep,0,2048,512,0.0,
8,8,8,2,128,2048,512,deepep,1,2048,512,0.0,
8,8,8,2,128,2048,512,deepep,2,2048,512,0.0,
8,8,8,2,128,2048,512,deepep,3,2048,512,0.0,
8,8,8,2,128,2048,512,deepep,4,2048,512,0.0,
8,8,8,2,128,2048,512,deepep,5,2048,512,0.0,
8,8,8,2,128,2048,512,deepep,6,2048,512,0.0,
8,8,8,2,128,2048,512,deepep,7,2048,512,0.0,
8,8,8,2,128,2048,512,deepep,8,2048,512,0.0,
8,8,8,2,128,2048,512,deepep,9,2048,512,0.0,
8,8,8,2,128,2048,512,deepep,10,2048,512,0.0,
8,8,8,2,128,2048,512,deepep,11,2048,512,0.0,
8,8,8,2,128,2048,512,deepep,12,2048,512,0.0,
8,8,8,2,128,2048,512,deepep,13,2048,512,0.0,
8,8,8,2,128,2048,512,deepep,14,2048,512,0.0,
8,8,8,2,128,2048,512,deepep,15,2048,512,0.0,
8,8,8,2,128,2048,512,deepep,16,2048,512,0.0,
8,8,8,2,128,2048,512,deepep,17,2048,512,0.0,
8,8,8,2,128,2048,512,deepep,18,2048,512,0.0,
8,8,8,2,128,2048,512,deepep,19,2048,512,0.0,
8,8,8,2,128,2048,512,deepep,20,2048,512,0.0,
8,8,8,2,128,2048,512,deepep,21,2048,512,0.0,
8,8,8,2,128,2048,512,deepep,22,2048,512,0.0,
8,8,8,2,128,2048,512,deepep,23,2048,512,0.0,
8,8,8,2,128,2048,512,deepep,24,2048,512,0.0,
8,8,8,2,128,2048,512,deepep,25,2048,512,0.0,
8,8,8,2,128,2048,512,deepep,26,2048,512,0.0,
8,8,8,2,128,2048,512,deepep,27,2048,512,0.0,
8,8,8,2,128,2048,512,deepep,28,2048,512,0.0,
8,8,8,2,128,2048,512,deepep,29,2048,512,0.0,
8,8,8,2,128,2048,512,deepep,30,2048,512,0.0,
8,8,8,2,128,2048,512,deepep,31,2048,512,0.0,
8,8,8,2,128,2048,512,deepep,32,2048,512,0.0,
8,8,8,2,128,2048,512,deepep,33,2048,512,0.0,
8,8,8,2,128,2048,512,deepep,34,2048,512,0.0,
8,8,8,2,128,2048,512,deepep,35,2048,512,0.0,
8,8,8,2,128,2048,512,deepep,36,2048,512,0.0,
8,8,8,2,128,2048,512,deepep,37,2048,512,0.0,
8,8,8,2,128,2048,512,deepep,38,2048,512,0.0,
8,8,8,2,128,2048,512,deepep,39,2048,512,0.0,
8,8,8,2,128,2048,512,deepep,40,2048,512,0.0,
8,8,8,2,128,2048,512,deepep,41,2048,512,0.0,
8,8,8,2,128,2048,512,deepep,42,2048,512,0.0,
8,8,8,2,128,2048,512,deepep,43,2048,512,0.0,
8,8,8,2,128,2048,512,deepep,44,2048,512,0.0,
8,8,8,2,128,2048,512,deepep,45,2048,512,0.0,
8,8,8,2,128,2048,512,deepep,46,2048,512,0.0,
8,8,8,2,128,2048,512,deepep,47,2048,512,0.0,
8,8,8,2,128,2048,512,deepep,48,2048,512,0.0,
8,8,8,2,128,2048,512,deepep,49,2048,512,0.0,
8,8,8,2,128,2048,512,deepep,50,2048,512,0.0,
8,8,8,2,128,2048,512,deepep,51,2048,512,0.0,
8,8,8,2,128,2048,512,deepep,52,2048,512,0.0,
8,8,8,2,128,2048,512,deepep,53,2048,512,0.0,
8,8,8,2,128,2048,512,deepep,54,2048,512,0.0,
8,8,8,2,128,2048,512,deepep,55,2048,512,0.0,
8,8,8,2,128,2048,512,deepep,56,2048,512,0.0,
8,8,8,2,128,2048,512,deepep,57,2048,512,0.0,
8,8,8,2,128,2048,512,deepep,58,2048,512,0.0,
8,8,8,2,128,2048,512,deepep,59,2048,512,0.0,
8,8,8,2,128,2048,512,deepep,60,2048,512,0.0,
8,8,8,2,128,2048,512,deepep,61,2048,512,0.0,
8,8,8,2,128,2048,512,deepep,62,2048,512,0.0,
8,8,8,2,128,2048,512,deepep,63,2048,512,0.0,
8,8,8,2,128,2048,512,deepep,64,2048,512,0.0,
8,8,8,2,128,2048,512,deepep,65,2048,512,0.0,
8,8,8,2,128,2048,512,deepep,66,2048,512,0.0,
8,8,8,2,128,2048,512,deepep,67,2048,512,0.0,
8,8,8,2,128,2048,512,deepep,68,2048,512,0.0,
8,8,8,2,128,2048,512,deepep,69,2048,512,0.0,
8,8,8,2,128,2048,512,deepep,70,2048,512,0.0,
8,8,8,2,128,2048,512,deepep,71,2048,512,0.0,
8,8,8,2,128,2048,512,deepep,72,2048,512,0.0,
8,8,8,2,128,2048,512,deepep,73,2048,512,0.0,
8,8,8,2,128,2048,512,deepep,74,2048,512,0.0,
8,8,8,2,128,2048,512,deepep,75,2048,512,0.0,
8,8,8,2,128,2048,512,deepep,76,2048,512,0.0,
8,8,8,2,128,2048,512,deepep,77,2048,512,0.0,
8,8,8,2,128,2048,512,deepep,78,2048,512,0.0,
8,8,8,2,128,2048,512,deepep,79,2048,512,0.0,
8,8,8,2,128,2048,512,deepep,80,2048,512,0.0,
8,8,8,2,128,2048,512,deepep,81,2048,512,0.0,
8,8,8,2,128,2048,512,deepep,82,2048,512,0.0,
8,8,8,2,128,2048,512,deepep,83,2048,512,0.0,
8,8,8,2,128,2048,512,deepep,84,2048,512,0.0,
8,8,8,2,128,2048,512,deepep,85,2048,512,0.0,
8,8,8,2,128,2048,512,deepep,86,2048,512,0.0,
8,8,8,2,128,2048,512,deepep,87,2048,512,0.0,
8,8,8,2,128,2048,512,deepep,88,2048,512,0.0,
8,8,8,2,128,2048,512,deepep,89,2048,512,0.0,
8,8,8,2,128,2048,512,deepep,90,2048,512,0.0,
8,8,8,2,128,2048,512,deepep,91,2048,512,0.0,
8,8,8,2,128,2048,512,deepep,92,2048,512,0.0,
8,8,8,2,128,2048,512,deepep,93,2048,512,0.0,
8,8,8,2,128,2048,512,deepep,94,2048,512,0.0,
8,8,8,2,128,2048,512,deepep,95,2048,512,0.0,
8,8,8,2,128,2048,512,deepep,96,2048,512,0.0,
8,8,8,2,128,2048,512,deepep,97,2048,512,0.0,
8,8,8,2,128,2048,512,deepep,98,2048,512,0.0,
8,8,8,2,128,2048,512,deepep,99,2048,512,0.0,
8,8,8,2,128,2048,512,deepep,100,2048,512,0.0,
8,8,8,2,128,2048,512,deepep,101,2048,512,0.0,
8,8,8,2,128,2048,512,deepep,102,2048,512,0.0,
8,8,8,2,128,2048,512,deepep,103,2048,512,0.0,
8,8,8,2,128,2048,512,deepep,104,2048,512,0.0,
8,8,8,2,128,2048,512,deepep,105,2048,512,0.0,
8,8,8,2,128,2048,512,deepep,106,2048,512,0.0,
8,8,8,2,128,2048,512,deepep,107,2048,512,0.0,
8,8,8,2,128,2048,512,deepep,108,2048,512,0.0,
8,8,8,2,128,2048,512,deepep,109,2048,512,0.0,
8,8,8,2,128,2048,512,deepep,110,2048,512,0.0,
8,8,8,2,128,2048,512,deepep,111,2048,512,0.0,
8,8,8,2,128,2048,512,deepep,112,2048,512,0.0,
8,8,8,2,128,2048,512,deepep,113,2048,512,0.0,
8,8,8,2,128,2048,512,deepep,114,2048,512,0.0,
8,8,8,2,128,2048,512,deepep,115,2048,512,0.0,
8,8,8,2,128,2048,512,deepep,116,2048,512,0.0,
8,8,8,2,128,2048,512,deepep,117,2048,512,0.0,
8,8,8,2,128,2048,512,deepep,118,2048,512,0.0,
8,8,8,2,128,2048,512,deepep,119,2048,512,0.0,
8,8,8,2,128,2048,512,deepep,120,2048,512,0.0,
8,8,8,2,128,2048,512,deepep,121,2048,512,0.0,
8,8,8,2,128,2048,512,deepep,122,2048,512,0.0,
8,8,8,2,128,2048,512,deepep,123,2048,512,0.0,
8,8,8,2,128,2048,512,deepep,124,2048,512,0.0,
8,8,8,2,128,2048,512,deepep,125,2048,512,0.0,
8,8,8,2,128,2048,512,deepep,126,2048,512,0.0,
8,8,8,2,128,2048,512,deepep,127,2048,512,0.0,
8,8,8,2,128,4096,512,deepep,0,4096,512,0.0,
8,8,8,2,128,4096,512,deepep,1,4096,512,0.0,
8,8,8,2,128,4096,512,deepep,2,4096,512,0.0,
8,8,8,2,128,4096,512,deepep,3,4096,512,0.0,
8,8,8,2,128,4096,512,deepep,4,4096,512,0.0,
8,8,8,2,128,4096,512,deepep,5,4096,512,0.0,
8,8,8,2,128,4096,512,deepep,6,4096,512,0.0,
8,8,8,2,128,4096,512,deepep,7,4096,512,0.0,
8,8,8,2,128,4096,512,deepep,8,4096,512,0.0,
8,8,8,2,128,4096,512,deepep,9,4096,512,0.0,
8,8,8,2,128,4096,512,deepep,10,4096,512,0.0,
8,8,8,2,128,4096,512,deepep,11,4096,512,0.0,
8,8,8,2,128,4096,512,deepep,12,4096,512,0.0,
8,8,8,2,128,4096,512,deepep,13,4096,512,0.0,
8,8,8,2,128,4096,512,deepep,14,4096,512,0.0,
8,8,8,2,128,4096,512,deepep,15,4096,512,0.0,
8,8,8,2,128,4096,512,deepep,16,4096,512,0.0,
8,8,8,2,128,4096,512,deepep,17,4096,512,0.0,
8,8,8,2,128,4096,512,deepep,18,4096,512,0.0,
8,8,8,2,128,4096,512,deepep,19,4096,512,0.0,
8,8,8,2,128,4096,512,deepep,20,4096,512,0.0,
8,8,8,2,128,4096,512,deepep,21,4096,512,0.0,
8,8,8,2,128,4096,512,deepep,22,4096,512,0.0,
8,8,8,2,128,4096,512,deepep,23,4096,512,0.0,
8,8,8,2,128,4096,512,deepep,24,4096,512,0.0,
8,8,8,2,128,4096,512,deepep,25,4096,512,0.0,
8,8,8,2,128,4096,512,deepep,26,4096,512,0.0,
8,8,8,2,128,4096,512,deepep,27,4096,512,0.0,
8,8,8,2,128,4096,512,deepep,28,4096,512,0.0,
8,8,8,2,128,4096,512,deepep,29,4096,512,0.0,
8,8,8,2,128,4096,512,deepep,30,4096,512,0.0,
8,8,8,2,128,4096,512,deepep,31,4096,512,0.0,
8,8,8,2,128,4096,512,deepep,32,4096,512,0.0,
8,8,8,2,128,4096,512,deepep,33,4096,512,0.0,
8,8,8,2,128,4096,512,deepep,34,4096,512,0.0,
8,8,8,2,128,4096,512,deepep,35,4096,512,0.0,
8,8,8,2,128,4096,512,deepep,36,4096,512,0.0,
8,8,8,2,128,4096,512,deepep,37,4096,512,0.0,
8,8,8,2,128,4096,512,deepep,38,4096,512,0.0,
8,8,8,2,128,4096,512,deepep,39,4096,512,0.0,
8,8,8,2,128,4096,512,deepep,40,4096,512,0.0,
8,8,8,2,128,4096,512,deepep,41,4096,512,0.0,
8,8,8,2,128,4096,512,deepep,42,4096,512,0.0,
8,8,8,2,128,4096,512,deepep,43,4096,512,0.0,
8,8,8,2,128,4096,512,deepep,44,4096,512,0.0,
8,8,8,2,128,4096,512,deepep,45,4096,512,0.0,
8,8,8,2,128,4096,512,deepep,46,4096,512,0.0,
8,8,8,2,128,4096,512,deepep,47,4096,512,0.0,
8,8,8,2,128,4096,512,deepep,48,4096,512,0.0,
8,8,8,2,128,4096,512,deepep,49,4096,512,0.0,
8,8,8,2,128,4096,512,deepep,50,4096,512,0.0,
8,8,8,2,128,4096,512,deepep,51,4096,512,0.0,
8,8,8,2,128,4096,512,deepep,52,4096,512,0.0,
8,8,8,2,128,4096,512,deepep,53,4096,512,0.0,
8,8,8,2,128,4096,512,deepep,54,4096,512,0.0,
8,8,8,2,128,4096,512,deepep,55,4096,512,0.0,
8,8,8,2,128,4096,512,deepep,56,4096,512,0.0,
8,8,8,2,128,4096,512,deepep,57,4096,512,0.0,
8,8,8,2,128,4096,512,deepep,58,4096,512,0.0,
8,8,8,2,128,4096,512,deepep,59,4096,512,0.0,
8,8,8,2,128,4096,512,deepep,60,4096,512,0.0,
8,8,8,2,128,4096,512,deepep,61,4096,512,0.0,
8,8,8,2,128,4096,512,deepep,62,4096,512,0.0,
8,8,8,2,128,4096,512,deepep,63,4096,512,0.0,
8,8,8,2,128,4096,512,deepep,64,4096,512,0.0,
8,8,8,2,128,4096,512,deepep,65,4096,512,0.0,
8,8,8,2,128,4096,512,deepep,66,4096,512,0.0,
8,8,8,2,128,4096,512,deepep,67,4096,512,0.0,
8,8,8,2,128,4096,512,deepep,68,4096,512,0.0,
8,8,8,2,128,4096,512,deepep,69,4096,512,0.0,
8,8,8,2,128,4096,512,deepep,70,4096,512,0.0,
8,8,8,2,128,4096,512,deepep,71,4096,512,0.0,
8,8,8,2,128,4096,512,deepep,72,4096,512,0.0,
8,8,8,2,128,4096,512,deepep,73,4096,512,0.0,
8,8,8,2,128,4096,512,deepep,74,4096,512,0.0,
8,8,8,2,128,4096,512,deepep,75,4096,512,0.0,
8,8,8,2,128,4096,512,deepep,76,4096,512,0.0,
8,8,8,2,128,4096,512,deepep,77,4096,512,0.0,
8,8,8,2,128,4096,512,deepep,78,4096,512,0.0,
8,8,8,2,128,4096,512,deepep,79,4096,512,0.0,
8,8,8,2,128,4096,512,deepep,80,4096,512,0.0,
8,8,8,2,128,4096,512,deepep,81,4096,512,0.0,
8,8,8,2,128,4096,512,deepep,82,4096,512,0.0,
8,8,8,2,128,4096,512,deepep,83,4096,512,0.0,
8,8,8,2,128,4096,512,deepep,84,4096,512,0.0,
8,8,8,2,128,4096,512,deepep,85,4096,512,0.0,
8,8,8,2,128,4096,512,deepep,86,4096,512,0.0,
8,8,8,2,128,4096,512,deepep,87,4096,512,0.0,
8,8,8,2,128,4096,512,deepep,88,4096,512,0.0,
8,8,8,2,128,4096,512,deepep,89,4096,512,0.0,
8,8,8,2,128,4096,512,deepep,90,4096,512,0.0,
8,8,8,2,128,4096,512,deepep,91,4096,512,0.0,
8,8,8,2,128,4096,512,deepep,92,4096,512,0.0,
8,8,8,2,128,4096,512,deepep,93,4096,512,0.0,
8,8,8,2,128,4096,512,deepep,94,4096,512,0.0,
8,8,8,2,128,4096,512,deepep,95,4096,512,0.0,
8,8,8,2,128,4096,512,deepep,96,4096,512,0.0,
8,8,8,2,128,4096,512,deepep,97,4096,512,0.0,
8,8,8,2,128,4096,512,deepep,98,4096,512,0.0,
8,8,8,2,128,4096,512,deepep,99,4096,512,0.0,
8,8,8,2,128,4096,512,deepep,100,4096,512,0.0,
8,8,8,2,128,4096,512,deepep,101,4096,512,0.0,
8,8,8,2,128,4096,512,deepep,102,4096,512,0.0,
8,8,8,2,128,4096,512,deepep,103,4096,512,0.0,
8,8,8,2,128,4096,512,deepep,104,4096,512,0.0,
8,8,8,2,128,4096,512,deepep,105,4096,512,0.0,
8,8,8,2,128,4096,512,deepep,106,4096,512,0.0,
8,8,8,2,128,4096,512,deepep,107,4096,512,0.0,
8,8,8,2,128,4096,512,deepep,108,4096,512,0.0,
8,8,8,2,128,4096,512,deepep,109,4096,512,0.0,
8,8,8,2,128,4096,512,deepep,110,4096,512,0.0,
8,8,8,2,128,4096,512,deepep,111,4096,512,0.0,
8,8,8,2,128,4096,512,deepep,112,4096,512,0.0,
8,8,8,2,128,4096,512,deepep,113,4096,512,0.0,
8,8,8,2,128,4096,512,deepep,114,4096,512,0.0,
8,8,8,2,128,4096,512,deepep,115,4096,512,0.0,
8,8,8,2,128,4096,512,deepep,116,4096,512,0.0,
8,8,8,2,128,4096,512,deepep,117,4096,512,0.0,
8,8,8,2,128,4096,512,deepep,118,4096,512,0.0,
8,8,8,2,128,4096,512,deepep,119,4096,512,0.0,
8,8,8,2,128,4096,512,deepep,120,4096,512,0.0,
8,8,8,2,128,4096,512,deepep,121,4096,512,0.0,
8,8,8,2,128,4096,512,deepep,122,4096,512,0.0,
8,8,8,2,128,4096,512,deepep,123,4096,512,0.0,
8,8,8,2,128,4096,512,deepep,124,4096,512,0.0,
8,8,8,2,128,4096,512,deepep,125,4096,512,0.0,
8,8,8,2,128,4096,512,deepep,126,4096,512,0.0,
8,8,8,2,128,4096,512,deepep,127,4096,512,0.0,
8,8,8,2,16,1024,512,deepep,0,1024,512,0.0,
8,8,8,2,16,1024,512,deepep,1,1024,512,0.0,
8,8,8,2,16,1024,512,deepep,2,1024,512,0.0,
8,8,8,2,16,1024,512,deepep,3,1024,512,0.0,
8,8,8,2,16,1024,512,deepep,4,1024,512,0.0,
8,8,8,2,16,1024,512,deepep,5,1024,512,0.0,
8,8,8,2,16,1024,512,deepep,6,1024,512,0.0,
8,8,8,2,16,1024,512,deepep,7,1024,512,0.0,
8,8,8,2,16,1024,512,deepep,8,1024,512,0.0,
8,8,8,2,16,1024,512,deepep,9,1024,512,0.0,
8,8,8,2,16,1024,512,deepep,10,1024,512,0.0,
8,8,8,2,16,1024,512,deepep,11,1024,512,0.0,
8,8,8,2,16,1024,512,deepep,12,1024,512,0.0,
8,8,8,2,16,1024,512,deepep,13,1024,512,0.0,
8,8,8,2,16,1024,512,deepep,14,1024,512,0.0,
8,8,8,2,16,1024,512,deepep,15,1024,512,0.0,
8,8,8,2,16,16384,512,deepep,0,16384,512,0.0,
8,8,8,2,16,16384,512,deepep,1,16384,512,0.0,
8,8,8,2,16,16384,512,deepep,2,16384,512,0.0,
8,8,8,2,16,16384,512,deepep,3,16384,512,0.0,
8,8,8,2,16,16384,512,deepep,4,16384,512,0.0,
8,8,8,2,16,16384,512,deepep,5,16384,512,0.0,
8,8,8,2,16,16384,512,deepep,6,16384,512,0.0,
8,8,8,2,16,16384,512,deepep,7,16384,512,0.0,
8,8,8,2,16,16384,512,deepep,8,16384,512,0.0,
8,8,8,2,16,16384,512,deepep,9,16384,512,0.0,
8,8,8,2,16,16384,512,deepep,10,16384,512,0.0,
8,8,8,2,16,16384,512,deepep,11,16384,512,0.0,
8,8,8,2,16,16384,512,deepep,12,16384,512,0.0,
8,8,8,2,16,16384,512,deepep,13,16384,512,0.0,
8,8,8,2,16,16384,512,deepep,14,16384,512,0.0,
8,8,8,2,16,16384,512,deepep,15,16384,512,0.0,
8,8,8,2,16,2048,512,deepep,0,2048,512,0.0,
8,8,8,2,16,2048,512,deepep,1,2048,512,0.0,
8,8,8,2,16,2048,512,deepep,2,2048,512,0.0,
8,8,8,2,16,2048,512,deepep,3,2048,512,0.0,
8,8,8,2,16,2048,512,deepep,4,2048,512,0.0,
8,8,8,2,16,2048,512,deepep,5,2048,512,0.0,
8,8,8,2,16,2048,512,deepep,6,2048,512,0.0,
8,8,8,2,16,2048,512,deepep,7,2048,512,0.0,
8,8,8,2,16,2048,512,deepep,8,2048,512,0.0,
8,8,8,2,16,2048,512,deepep,9,2048,512,0.0,
8,8,8,2,16,2048,512,deepep,10,2048,512,0.0,
8,8,8,2,16,2048,512,deepep,11,2048,512,0.0,
8,8,8,2,16,2048,512,deepep,12,2048,512,0.0,
8,8,8,2,16,2048,512,deepep,13,2048,512,0.0,
8,8,8,2,16,2048,512,deepep,14,2048,512,0.0,
8,8,8,2,16,2048,512,deepep,15,2048,512,0.0,
8,8,8,2,16,32768,512,deepep,0,32768,512,0.0,
8,8,8,2,16,32768,512,deepep,1,32768,512,0.0,
8,8,8,2,16,32768,512,deepep,2,32768,512,0.0,
8,8,8,2,16,32768,512,deepep,3,32768,512,0.0,
8,8,8,2,16,32768,512,deepep,4,32768,512,0.0,
8,8,8,2,16,32768,512,deepep,5,32768,512,0.0,
8,8,8,2,16,32768,512,deepep,6,32768,512,0.0,
8,8,8,2,16,32768,512,deepep,7,32768,512,0.0,
8,8,8,2,16,32768,512,deepep,8,32768,512,0.0,
8,8,8,2,16,32768,512,deepep,9,32768,512,0.0,
8,8,8,2,16,32768,512,deepep,10,32768,512,0.0,
8,8,8,2,16,32768,512,deepep,11,32768,512,0.0,
8,8,8,2,16,32768,512,deepep,12,32768,512,0.0,
8,8,8,2,16,32768,512,deepep,13,32768,512,0.0,
8,8,8,2,16,32768,512,deepep,14,32768,512,0.0,
8,8,8,2,16,32768,512,deepep,15,32768,512,0.0,
8,8,8,2,16,4096,512,deepep,0,4096,512,0.0,
8,8,8,2,16,4096,512,deepep,1,4096,512,0.0,
8,8,8,2,16,4096,512,deepep,2,4096,512,0.0,
8,8,8,2,16,4096,512,deepep,3,4096,512,0.0,
8,8,8,2,16,4096,512,deepep,4,4096,512,0.0,
8,8,8,2,16,4096,512,deepep,5,4096,512,0.0,
8,8,8,2,16,4096,512,deepep,6,4096,512,0.0,
8,8,8,2,16,4096,512,deepep,7,4096,512,0.0,
8,8,8,2,16,4096,512,deepep,8,4096,512,0.0,
8,8,8,2,16,4096,512,deepep,9,4096,512,0.0,
8,8,8,2,16,4096,512,deepep,10,4096,512,0.0,
8,8,8,2,16,4096,512,deepep,11,4096,512,0.0,
8,8,8,2,16,4096,512,deepep,12,4096,512,0.0,
8,8,8,2,16,4096,512,deepep,13,4096,512,0.0,
8,8,8,2,16,4096,512,deepep,14,4096,512,0.0,
8,8,8,2,16,4096,512,deepep,15,4096,512,0.0,
8,8,8,2,16,8192,512,deepep,0,8192,512,0.0,
8,8,8,2,16,8192,512,deepep,1,8192,512,0.0,
8,8,8,2,16,8192,512,deepep,2,8192,512,0.0,
8,8,8,2,16,8192,512,deepep,3,8192,512,0.0,
8,8,8,2,16,8192,512,deepep,4,8192,512,0.0,
8,8,8,2,16,8192,512,deepep,5,8192,512,0.0,
8,8,8,2,16,8192,512,deepep,6,8192,512,0.0,
8,8,8,2,16,8192,512,deepep,7,8192,512,0.0,
8,8,8,2,16,8192,512,deepep,8,8192,512,0.0,
8,8,8,2,16,8192,512,deepep,9,8192,512,0.0,
8,8,8,2,16,8192,512,deepep,10,8192,512,0.0,
8,8,8,2,16,8192,512,deepep,11,8192,512,0.0,
8,8,8,2,16,8192,512,deepep,12,8192,512,0.0,
8,8,8,2,16,8192,512,deepep,13,8192,512,0.0,
8,8,8,2,16,8192,512,deepep,14,8192,512,0.0,
8,8,8,2,16,8192,512,deepep,15,8192,512,0.0,
8,8,8,2,1,1024,512,deepep,0,1024,512,0.0,
8,8,8,2,1,131072,512,deepep,0,131072,512,0.0,
8,8,8,2,1,16384,512,deepep,0,16384,512,0.0,
8,8,8,2,1,2048,512,deepep,0,2048,512,0.0,
8,8,8,2,1,32768,512,deepep,0,32768,512,0.0,
8,8,8,2,1,4096,512,deepep,0,4096,512,0.0,
8,8,8,2,1,65536,512,deepep,0,65536,512,0.0,
8,8,8,2,1,8192,512,deepep,0,8192,512,0.0,
8,8,8,2,256,1024,512,deepep,0,1024,512,0.0,
8,8,8,2,256,1024,512,deepep,1,1024,512,0.0,
8,8,8,2,256,1024,512,deepep,2,1024,512,0.0,
8,8,8,2,256,1024,512,deepep,3,1024,512,0.0,
8,8,8,2,256,1024,512,deepep,4,1024,512,0.0,
8,8,8,2,256,1024,512,deepep,5,1024,512,0.0,
8,8,8,2,256,1024,512,deepep,6,1024,512,0.0,
8,8,8,2,256,1024,512,deepep,7,1024,512,0.0,
8,8,8,2,256,1024,512,deepep,8,1024,512,0.0,
8,8,8,2,256,1024,512,deepep,9,1024,512,0.0,
8,8,8,2,256,1024,512,deepep,10,1024,512,0.0,
8,8,8,2,256,1024,512,deepep,11,1024,512,0.0,
8,8,8,2,256,1024,512,deepep,12,1024,512,0.0,
8,8,8,2,256,1024,512,deepep,13,1024,512,0.0,
8,8,8,2,256,1024,512,deepep,14,1024,512,0.0,
8,8,8,2,256,1024,512,deepep,15,1024,512,0.0,
8,8,8,2,256,1024,512,deepep,16,1024,512,0.0,
8,8,8,2,256,1024,512,deepep,17,1024,512,0.0,
8,8,8,2,256,1024,512,deepep,18,1024,512,0.0,
8,8,8,2,256,1024,512,deepep,19,1024,512,0.0,
8,8,8,2,256,1024,512,deepep,20,1024,512,0.0,
8,8,8,2,256,1024,512,deepep,21,1024,512,0.0,
8,8,8,2,256,1024,512,deepep,22,1024,512,0.0,
8,8,8,2,256,1024,512,deepep,23,1024,512,0.0,
8,8,8,2,256,1024,512,deepep,24,1024,512,0.0,
8,8,8,2,256,1024,512,deepep,25,1024,512,0.0,
8,8,8,2,256,1024,512,deepep,26,1024,512,0.0,
8,8,8,2,256,1024,512,deepep,27,1024,512,0.0,
8,8,8,2,256,1024,512,deepep,28,1024,512,0.0,
8,8,8,2,256,1024,512,deepep,29,1024,512,0.0,
8,8,8,2,256,1024,512,deepep,30,1024,512,0.0,
8,8,8,2,256,1024,512,deepep,31,1024,512,0.0,
8,8,8,2,256,1024,512,deepep,32,1024,512,0.0,
8,8,8,2,256,1024,512,deepep,33,1024,512,0.0,
8,8,8,2,256,1024,512,deepep,34,1024,512,0.0,
8,8,8,2,256,1024,512,deepep,35,1024,512,0.0,
8,8,8,2,256,1024,512,deepep,36,1024,512,0.0,
8,8,8,2,256,1024,512,deepep,37,1024,512,0.0,
8,8,8,2,256,1024,512,deepep,38,1024,512,0.0,
8,8,8,2,256,1024,512,deepep,39,1024,512,0.0,
8,8,8,2,256,1024,512,deepep,40,1024,512,0.0,
8,8,8,2,256,1024,512,deepep,41,1024,512,0.0,
8,8,8,2,256,1024,512,deepep,42,1024,512,0.0,
8,8,8,2,256,1024,512,deepep,43,1024,512,0.0,
8,8,8,2,256,1024,512,deepep,44,1024,512,0.0,
8,8,8,2,256,1024,512,deepep,45,1024,512,0.0,
8,8,8,2,256,1024,512,deepep,46,1024,512,0.0,
8,8,8,2,256,1024,512,deepep,47,1024,512,0.0,
8,8,8,2,256,1024,512,deepep,48,1024,512,0.0,
8,8,8,2,256,1024,512,deepep,49,1024,512,0.0,
8,8,8,2,256,1024,512,deepep,50,1024,512,0.0,
8,8,8,2,256,1024,512,deepep,51,1024,512,0.0,
8,8,8,2,256,1024,512,deepep,52,1024,512,0.0,
8,8,8,2,256,1024,512,deepep,53,1024,512,0.0,
8,8,8,2,256,1024,512,deepep,54,1024,512,0.0,
8,8,8,2,256,1024,512,deepep,55,1024,512,0.0,
8,8,8,2,256,1024,512,deepep,56,1024,512,0.0,
8,8,8,2,256,1024,512,deepep,57,1024,512,0.0,
8,8,8,2,256,1024,512,deepep,58,1024,512,0.0,
8,8,8,2,256,1024,512,deepep,59,1024,512,0.0,
8,8,8,2,256,1024,512,deepep,60,1024,512,0.0,
8,8,8,2,256,1024,512,deepep,61,1024,512,0.0,
8,8,8,2,256,1024,512,deepep,62,1024,512,0.0,
8,8,8,2,256,1024,512,deepep,63,1024,512,0.0,
8,8,8,2,256,1024,512,deepep,64,1024,512,0.0,
8,8,8,2,256,1024,512,deepep,65,1024,512,0.0,
8,8,8,2,256,1024,512,deepep,66,1024,512,0.0,
8,8,8,2,256,1024,512,deepep,67,1024,512,0.0,
8,8,8,2,256,1024,512,deepep,68,1024,512,0.0,
8,8,8,2,256,1024,512,deepep,69,1024,512,0.0,
8,8,8,2,256,1024,512,deepep,70,1024,512,0.0,
8,8,8,2,256,1024,512,deepep,71,1024,512,0.0,
8,8,8,2,256,1024,512,deepep,72,1024,512,0.0,
8,8,8,2,256,1024,512,deepep,73,1024,512,0.0,
8,8,8,2,256,1024,512,deepep,74,1024,512,0.0,
8,8,8,2,256,1024,512,deepep,75,1024,512,0.0,
8,8,8,2,256,1024,512,deepep,76,1024,512,0.0,
8,8,8,2,256,1024,512,deepep,77,1024,512,0.0,
8,8,8,2,256,1024,512,deepep,78,1024,512,0.0,
8,8,8,2,256,1024,512,deepep,79,1024,512,0.0,
8,8,8,2,256,1024,512,deepep,80,1024,512,0.0,
8,8,8,2,256,1024,512,deepep,81,1024,512,0.0,
8,8,8,2,256,1024,512,deepep,82,1024,512,0.0,
8,8,8,2,256,1024,512,deepep,83,1024,512,0.0,
8,8,8,2,256,1024,512,deepep,84,1024,512,0.0,
8,8,8,2,256,1024,512,deepep,85,1024,512,0.0,
8,8,8,2,256,1024,512,deepep,86,1024,512,0.0,
8,8,8,2,256,1024,512,deepep,87,1024,512,0.0,
8,8,8,2,256,1024,512,deepep,88,1024,512,0.0,
8,8,8,2,256,1024,512,deepep,89,1024,512,0.0,
8,8,8,2,256,1024,512,deepep,90,1024,512,0.0,
8,8,8,2,256,1024,512,deepep,91,1024,512,0.0,
8,8,8,2,256,1024,512,deepep,92,1024,512,0.0,
8,8,8,2,256,1024,512,deepep,93,1024,512,0.0,
8,8,8,2,256,1024,512,deepep,94,1024,512,0.0,
8,8,8,2,256,1024,512,deepep,95,1024,512,0.0,
8,8,8,2,256,1024,512,deepep,96,1024,512,0.0,
8,8,8,2,256,1024,512,deepep,97,1024,512,0.0,
8,8,8,2,256,1024,512,deepep,98,1024,512,0.0,
8,8,8,2,256,1024,512,deepep,99,1024,512,0.0,
8,8,8,2,256,1024,512,deepep,100,1024,512,0.0,
8,8,8,2,256,1024,512,deepep,101,1024,512,0.0,
8,8,8,2,256,1024,512,deepep,102,1024,512,0.0,
8,8,8,2,256,1024,512,deepep,103,1024,512,0.0,
8,8,8,2,256,1024,512,deepep,104,1024,512,0.0,
8,8,8,2,256,1024,512,deepep,105,1024,512,0.0,
8,8,8,2,256,1024,512,deepep,106,1024,512,0.0,
8,8,8,2,256,1024,512,deepep,107,1024,512,0.0,
8,8,8,2,256,1024,512,deepep,108,1024,512,0.0,
8,8,8,2,256,1024,512,deepep,109,1024,512,0.0,
8,8,8,2,256,1024,512,deepep,110,1024,512,0.0,
8,8,8,2,256,1024,512,deepep,111,1024,512,0.0,
8,8,8,2,256,1024,512,deepep,112,1024,512,0.0,
8,8,8,2,256,1024,512,deepep,113,1024,512,0.0,
8,8,8,2,256,1024,512,deepep,114,1024,512,0.0,
8,8,8,2,256,1024,512,deepep,115,1024,512,0.0,
8,8,8,2,256,1024,512,deepep,116,1024,512,0.0,
8,8,8,2,256,1024,512,deepep,117,1024,512,0.0,
8,8,8,2,256,1024,512,deepep,118,1024,512,0.0,
8,8,8,2,256,1024,512,deepep,119,1024,512,0.0,
8,8,8,2,256,1024,512,deepep,120,1024,512,0.0,
8,8,8,2,256,1024,512,deepep,121,1024,512,0.0,
8,8,8,2,256,1024,512,deepep,122,1024,512,0.0,
8,8,8,2,256,1024,512,deepep,123,1024,512,0.0,
8,8,8,2,256,1024,512,deepep,124,1024,512,0.0,
8,8,8,2,256,1024,512,deepep,125,1024,512,0.0,
8,8,8,2,256,1024,512,deepep,126,1024,512,0.0,
8,8,8,2,256,1024,512,deepep,127,1024,512,0.0,
8,8,8,2,256,1024,512,deepep,128,1024,512,0.0,
8,8,8,2,256,1024,512,deepep,129,1024,512,0.0,
8,8,8,2,256,1024,512,deepep,130,1024,512,0.0,
8,8,8,2,256,1024,512,deepep,131,1024,512,0.0,
8,8,8,2,256,1024,512,deepep,132,1024,512,0.0,
8,8,8,2,256,1024,512,deepep,133,1024,512,0.0,
8,8,8,2,256,1024,512,deepep,134,1024,512,0.0,
8,8,8,2,256,1024,512,deepep,135,1024,512,0.0,
8,8,8,2,256,1024,512,deepep,136,1024,512,0.0,
8,8,8,2,256,1024,512,deepep,137,1024,512,0.0,
8,8,8,2,256,1024,512,deepep,138,1024,512,0.0,
8,8,8,2,256,1024,512,deepep,139,1024,512,0.0,
8,8,8,2,256,1024,512,deepep,140,1024,512,0.0,
8,8,8,2,256,1024,512,deepep,141,1024,512,0.0,
8,8,8,2,256,1024,512,deepep,142,1024,512,0.0,
8,8,8,2,256,1024,512,deepep,143,1024,512,0.0,
8,8,8,2,256,1024,512,deepep,144,1024,512,0.0,
8,8,8,2,256,1024,512,deepep,145,1024,512,0.0,
8,8,8,2,256,1024,512,deepep,146,1024,512,0.0,
8,8,8,2,256,1024,512,deepep,147,1024,512,0.0,
8,8,8,2,256,1024,512,deepep,148,1024,512,0.0,
8,8,8,2,256,1024,512,deepep,149,1024,512,0.0,
8,8,8,2,256,1024,512,deepep,150,1024,512,0.0,
8,8,8,2,256,1024,512,deepep,151,1024,512,0.0,
8,8,8,2,256,1024,512,deepep,152,1024,512,0.0,
8,8,8,2,256,1024,512,deepep,153,1024,512,0.0,
8,8,8,2,256,1024,512,deepep,154,1024,512,0.0,
8,8,8,2,256,1024,512,deepep,155,1024,512,0.0,
8,8,8,2,256,1024,512,deepep,156,1024,512,0.0,
8,8,8,2,256,1024,512,deepep,157,1024,512,0.0,
8,8,8,2,256,1024,512,deepep,158,1024,512,0.0,
8,8,8,2,256,1024,512,deepep,159,1024,512,0.0,
8,8,8,2,256,1024,512,deepep,160,1024,512,0.0,
8,8,8,2,256,1024,512,deepep,161,1024,512,0.0,
8,8,8,2,256,1024,512,deepep,162,1024,512,0.0,
8,8,8,2,256,1024,512,deepep,163,1024,512,0.0,
8,8,8,2,256,1024,512,deepep,164,1024,512,0.0,
8,8,8,2,256,1024,512,deepep,165,1024,512,0.0,
8,8,8,2,256,1024,512,deepep,166,1024,512,0.0,
8,8,8,2,256,1024,512,deepep,167,1024,512,0.0,
8,8,8,2,256,1024,512,deepep,168,1024,512,0.0,
8,8,8,2,256,1024,512,deepep,169,1024,512,0.0,
8,8,8,2,256,1024,512,deepep,170,1024,512,0.0,
8,8,8,2,256,1024,512,deepep,171,1024,512,0.0,
8,8,8,2,256,1024,512,deepep,172,1024,512,0.0,
8,8,8,2,256,1024,512,deepep,173,1024,512,0.0,
8,8,8,2,256,1024,512,deepep,174,1024,512,0.0,
8,8,8,2,256,1024,512,deepep,175,1024,512,0.0,
8,8,8,2,256,1024,512,deepep,176,1024,512,0.0,
8,8,8,2,256,1024,512,deepep,177,1024,512,0.0,
8,8,8,2,256,1024,512,deepep,178,1024,512,0.0,
8,8,8,2,256,1024,512,deepep,179,1024,512,0.0,
8,8,8,2,256,1024,512,deepep,180,1024,512,0.0,
8,8,8,2,256,1024,512,deepep,181,1024,512,0.0,
8,8,8,2,256,1024,512,deepep,182,1024,512,0.0,
8,8,8,2,256,1024,512,deepep,183,1024,512,0.0,
8,8,8,2,256,1024,512,deepep,184,1024,512,0.0,
8,8,8,2,256,1024,512,deepep,185,1024,512,0.0,
8,8,8,2,256,1024,512,deepep,186,1024,512,0.0,
8,8,8,2,256,1024,512,deepep,187,1024,512,0.0,
8,8,8,2,256,1024,512,deepep,188,1024,512,0.0,
8,8,8,2,256,1024,512,deepep,189,1024,512,0.0,
8,8,8,2,256,1024,512,deepep,190,1024,512,0.0,
8,8,8,2,256,1024,512,deepep,191,1024,512,0.0,
8,8,8,2,256,1024,512,deepep,192,1024,512,0.0,
8,8,8,2,256,1024,512,deepep,193,1024,512,0.0,
8,8,8,2,256,1024,512,deepep,194,1024,512,0.0,
8,8,8,2,256,1024,512,deepep,195,1024,512,0.0,
8,8,8,2,256,1024,512,deepep,196,1024,512,0.0,
8,8,8,2,256,1024,512,deepep,197,1024,512,0.0,
8,8,8,2,256,1024,512,deepep,198,1024,512,0.0,
8,8,8,2,256,1024,512,deepep,199,1024,512,0.0,
8,8,8,2,256,1024,512,deepep,200,1024,512,0.0,
8,8,8,2,256,1024,512,deepep,201,1024,512,0.0,
8,8,8,2,256,1024,512,deepep,202,1024,512,0.0,
8,8,8,2,256,1024,512,deepep,203,1024,512,0.0,
8,8,8,2,256,1024,512,deepep,204,1024,512,0.0,
8,8,8,2,256,1024,512,deepep,205,1024,512,0.0,
8,8,8,2,256,1024,512,deepep,206,1024,512,0.0,
8,8,8,2,256,1024,512,deepep,207,1024,512,0.0,
8,8,8,2,256,1024,512,deepep,208,1024,512,0.0,
8,8,8,2,256,1024,512,deepep,209,1024,512,0.0,
8,8,8,2,256,1024,512,deepep,210,1024,512,0.0,
8,8,8,2,256,1024,512,deepep,211,1024,512,0.0,
8,8,8,2,256,1024,512,deepep,212,1024,512,0.0,
8,8,8,2,256,1024,512,deepep,213,1024,512,0.0,
8,8,8,2,256,1024,512,deepep,214,1024,512,0.0,
8,8,8,2,256,1024,512,deepep,215,1024,512,0.0,
8,8,8,2,256,1024,512,deepep,216,1024,512,0.0,
8,8,8,2,256,1024,512,deepep,217,1024,512,0.0,
8,8,8,2,256,1024,512,deepep,218,1024,512,0.0,
8,8,8,2,256,1024,512,deepep,219,1024,512,0.0,
8,8,8,2,256,1024,512,deepep,220,1024,512,0.0,
8,8,8,2,256,1024,512,deepep,221,1024,512,0.0,
8,8,8,2,256,1024,512,deepep,222,1024,512,0.0,
8,8,8,2,256,1024,512,deepep,223,1024,512,0.0,
8,8,8,2,256,1024,512,deepep,224,1024,512,0.0,
8,8,8,2,256,1024,512,deepep,225,1024,512,0.0,
8,8,8,2,256,1024,512,deepep,226,1024,512,0.0,
8,8,8,2,256,1024,512,deepep,227,1024,512,0.0,
8,8,8,2,256,1024,512,deepep,228,1024,512,0.0,
8,8,8,2,256,1024,512,deepep,229,1024,512,0.0,
8,8,8,2,256,1024,512,deepep,230,1024,512,0.0,
8,8,8,2,256,1024,512,deepep,231,1024,512,0.0,
8,8,8,2,256,1024,512,deepep,232,1024,512,0.0,
8,8,8,2,256,1024,512,deepep,233,1024,512,0.0,
8,8,8,2,256,1024,512,deepep,234,1024,512,0.0,
8,8,8,2,256,1024,512,deepep,235,1024,512,0.0,
8,8,8,2,256,1024,512,deepep,236,1024,512,0.0,
8,8,8,2,256,1024,512,deepep,237,1024,512,0.0,
8,8,8,2,256,1024,512,deepep,238,1024,512,0.0,
8,8,8,2,256,1024,512,deepep,239,1024,512,0.0,
8,8,8,2,256,1024,512,deepep,240,1024,512,0.0,
8,8,8,2,256,1024,512,deepep,241,1024,512,0.0,
8,8,8,2,256,1024,512,deepep,242,1024,512,0.0,
8,8,8,2,256,1024,512,deepep,243,1024,512,0.0,
8,8,8,2,256,1024,512,deepep,244,1024,512,0.0,
8,8,8,2,256,1024,512,deepep,245,1024,512,0.0,
8,8,8,2,256,1024,512,deepep,246,1024,512,0.0,
8,8,8,2,256,1024,512,deepep,247,1024,512,0.0,
8,8,8,2,256,1024,512,deepep,248,1024,512,0.0,
8,8,8,2,256,1024,512,deepep,249,1024,512,0.0,
8,8,8,2,256,1024,512,deepep,250,1024,512,0.0,
8,8,8,2,256,1024,512,deepep,251,1024,512,0.0,
8,8,8,2,256,1024,512,deepep,252,1024,512,0.0,
8,8,8,2,256,1024,512,deepep,253,1024,512,0.0,
8,8,8,2,256,1024,512,deepep,254,1024,512,0.0,
8,8,8,2,256,1024,512,deepep,255,1024,512,0.0,
8,8,8,2,256,2048,512,deepep,0,2048,512,0.0,
8,8,8,2,256,2048,512,deepep,1,2048,512,0.0,
8,8,8,2,256,2048,512,deepep,2,2048,512,0.0,
8,8,8,2,256,2048,512,deepep,3,2048,512,0.0,
8,8,8,2,256,2048,512,deepep,4,2048,512,0.0,
8,8,8,2,256,2048,512,deepep,5,2048,512,0.0,
8,8,8,2,256,2048,512,deepep,6,2048,512,0.0,
8,8,8,2,256,2048,512,deepep,7,2048,512,0.0,
8,8,8,2,256,2048,512,deepep,8,2048,512,0.0,
8,8,8,2,256,2048,512,deepep,9,2048,512,0.0,
8,8,8,2,256,2048,512,deepep,10,2048,512,0.0,
8,8,8,2,256,2048,512,deepep,11,2048,512,0.0,
8,8,8,2,256,2048,512,deepep,12,2048,512,0.0,
8,8,8,2,256,2048,512,deepep,13,2048,512,0.0,
8,8,8,2,256,2048,512,deepep,14,2048,512,0.0,
8,8,8,2,256,2048,512,deepep,15,2048,512,0.0,
8,8,8,2,256,2048,512,deepep,16,2048,512,0.0,
8,8,8,2,256,2048,512,deepep,17,2048,512,0.0,
8,8,8,2,256,2048,512,deepep,18,2048,512,0.0,
8,8,8,2,256,2048,512,deepep,19,2048,512,0.0,
8,8,8,2,256,2048,512,deepep,20,2048,512,0.0,
8,8,8,2,256,2048,512,deepep,21,2048,512,0.0,
8,8,8,2,256,2048,512,deepep,22,2048,512,0.0,
8,8,8,2,256,2048,512,deepep,23,2048,512,0.0,
8,8,8,2,256,2048,512,deepep,24,2048,512,0.0,
8,8,8,2,256,2048,512,deepep,25,2048,512,0.0,
8,8,8,2,256,2048,512,deepep,26,2048,512,0.0,
8,8,8,2,256,2048,512,deepep,27,2048,512,0.0,
8,8,8,2,256,2048,512,deepep,28,2048,512,0.0,
8,8,8,2,256,2048,512,deepep,29,2048,512,0.0,
8,8,8,2,256,2048,512,deepep,30,2048,512,0.0,
8,8,8,2,256,2048,512,deepep,31,2048,512,0.0,
8,8,8,2,256,2048,512,deepep,32,2048,512,0.0,
8,8,8,2,256,2048,512,deepep,33,2048,512,0.0,
8,8,8,2,256,2048,512,deepep,34,2048,512,0.0,
8,8,8,2,256,2048,512,deepep,35,2048,512,0.0,
8,8,8,2,256,2048,512,deepep,36,2048,512,0.0,
8,8,8,2,256,2048,512,deepep,37,2048,512,0.0,
8,8,8,2,256,2048,512,deepep,38,2048,512,0.0,
8,8,8,2,256,2048,512,deepep,39,2048,512,0.0,
8,8,8,2,256,2048,512,deepep,40,2048,512,0.0,
8,8,8,2,256,2048,512,deepep,41,2048,512,0.0,
8,8,8,2,256,2048,512,deepep,42,2048,512,0.0,
8,8,8,2,256,2048,512,deepep,43,2048,512,0.0,
8,8,8,2,256,2048,512,deepep,44,2048,512,0.0,
8,8,8,2,256,2048,512,deepep,45,2048,512,0.0,
8,8,8,2,256,2048,512,deepep,46,2048,512,0.0,
8,8,8,2,256,2048,512,deepep,47,2048,512,0.0,
8,8,8,2,256,2048,512,deepep,48,2048,512,0.0,
8,8,8,2,256,2048,512,deepep,49,2048,512,0.0,
8,8,8,2,256,2048,512,deepep,50,2048,512,0.0,
8,8,8,2,256,2048,512,deepep,51,2048,512,0.0,
8,8,8,2,256,2048,512,deepep,52,2048,512,0.0,
8,8,8,2,256,2048,512,deepep,53,2048,512,0.0,
8,8,8,2,256,2048,512,deepep,54,2048,512,0.0,
8,8,8,2,256,2048,512,deepep,55,2048,512,0.0,
8,8,8,2,256,2048,512,deepep,56,2048,512,0.0,
8,8,8,2,256,2048,512,deepep,57,2048,512,0.0,
8,8,8,2,256,2048,512,deepep,58,2048,512,0.0,
8,8,8,2,256,2048,512,deepep,59,2048,512,0.0,
8,8,8,2,256,2048,512,deepep,60,2048,512,0.0,
8,8,8,2,256,2048,512,deepep,61,2048,512,0.0,
8,8,8,2,256,2048,512,deepep,62,2048,512,0.0,
8,8,8,2,256,2048,512,deepep,63,2048,512,0.0,
8,8,8,2,256,2048,512,deepep,64,2048,512,0.0,
8,8,8,2,256,2048,512,deepep,65,2048,512,0.0,
8,8,8,2,256,2048,512,deepep,66,2048,512,0.0,
8,8,8,2,256,2048,512,deepep,67,2048,512,0.0,
8,8,8,2,256,2048,512,deepep,68,2048,512,0.0,
8,8,8,2,256,2048,512,deepep,69,2048,512,0.0,
8,8,8,2,256,2048,512,deepep,70,2048,512,0.0,
8,8,8,2,256,2048,512,deepep,71,2048,512,0.0,
8,8,8,2,256,2048,512,deepep,72,2048,512,0.0,
8,8,8,2,256,2048,512,deepep,73,2048,512,0.0,
8,8,8,2,256,2048,512,deepep,74,2048,512,0.0,
8,8,8,2,256,2048,512,deepep,75,2048,512,0.0,
8,8,8,2,256,2048,512,deepep,76,2048,512,0.0,
8,8,8,2,256,2048,512,deepep,77,2048,512,0.0,
8,8,8,2,256,2048,512,deepep,78,2048,512,0.0,
8,8,8,2,256,2048,512,deepep,79,2048,512,0.0,
8,8,8,2,256,2048,512,deepep,80,2048,512,0.0,
8,8,8,2,256,2048,512,deepep,81,2048,512,0.0,
8,8,8,2,256,2048,512,deepep,82,2048,512,0.0,
8,8,8,2,256,2048,512,deepep,83,2048,512,0.0,
8,8,8,2,256,2048,512,deepep,84,2048,512,0.0,
8,8,8,2,256,2048,512,deepep,85,2048,512,0.0,
8,8,8,2,256,2048,512,deepep,86,2048,512,0.0,
8,8,8,2,256,2048,512,deepep,87,2048,512,0.0,
8,8,8,2,256,2048,512,deepep,88,2048,512,0.0,
8,8,8,2,256,2048,512,deepep,89,2048,512,0.0,
8,8,8,2,256,2048,512,deepep,90,2048,512,0.0,
8,8,8,2,256,2048,512,deepep,91,2048,512,0.0,
8,8,8,2,256,2048,512,deepep,92,2048,512,0.0,
8,8,8,2,256,2048,512,deepep,93,2048,512,0.0,
8,8,8,2,256,2048,512,deepep,94,2048,512,0.0,
8,8,8,2,256,2048,512,deepep,95,2048,512,0.0,
8,8,8,2,256,2048,512,deepep,96,2048,512,0.0,
8,8,8,2,256,2048,512,deepep,97,2048,512,0.0,
8,8,8,2,256,2048,512,deepep,98,2048,512,0.0,
8,8,8,2,256,2048,512,deepep,99,2048,512,0.0,
8,8,8,2,256,2048,512,deepep,100,2048,512,0.0,
8,8,8,2,256,2048,512,deepep,101,2048,512,0.0,
8,8,8,2,256,2048,512,deepep,102,2048,512,0.0,
8,8,8,2,256,2048,512,deepep,103,2048,512,0.0,
8,8,8,2,256,2048,512,deepep,104,2048,512,0.0,
8,8,8,2,256,2048,512,deepep,105,2048,512,0.0,
8,8,8,2,256,2048,512,deepep,106,2048,512,0.0,
8,8,8,2,256,2048,512,deepep,107,2048,512,0.0,
8,8,8,2,256,2048,512,deepep,108,2048,512,0.0,
8,8,8,2,256,2048,512,deepep,109,2048,512,0.0,
8,8,8,2,256,2048,512,deepep,110,2048,512,0.0,
8,8,8,2,256,2048,512,deepep,111,2048,512,0.0,
8,8,8,2,256,2048,512,deepep,112,2048,512,0.0,
8,8,8,2,256,2048,512,deepep,113,2048,512,0.0,
8,8,8,2,256,2048,512,deepep,114,2048,512,0.0,
8,8,8,2,256,2048,512,deepep,115,2048,512,0.0,
8,8,8,2,256,2048,512,deepep,116,2048,512,0.0,
8,8,8,2,256,2048,512,deepep,117,2048,512,0.0,
8,8,8,2,256,2048,512,deepep,118,2048,512,0.0,
8,8,8,2,256,2048,512,deepep,119,2048,512,0.0,
8,8,8,2,256,2048,512,deepep,120,2048,512,0.0,
8,8,8,2,256,2048,512,deepep,121,2048,512,0.0,
8,8,8,2,256,2048,512,deepep,122,2048,512,0.0,
8,8,8,2,256,2048,512,deepep,123,2048,512,0.0,
8,8,8,2,256,2048,512,deepep,124,2048,512,0.0,
8,8,8,2,256,2048,512,deepep,125,2048,512,0.0,
8,8,8,2,256,2048,512,deepep,126,2048,512,0.0,
8,8,8,2,256,2048,512,deepep,127,2048,512,0.0,
8,8,8,2,256,2048,512,deepep,128,2048,512,0.0,
8,8,8,2,256,2048,512,deepep,129,2048,512,0.0,
8,8,8,2,256,2048,512,deepep,130,2048,512,0.0,
8,8,8,2,256,2048,512,deepep,131,2048,512,0.0,
8,8,8,2,256,2048,512,deepep,132,2048,512,0.0,
8,8,8,2,256,2048,512,deepep,133,2048,512,0.0,
8,8,8,2,256,2048,512,deepep,134,2048,512,0.0,
8,8,8,2,256,2048,512,deepep,135,2048,512,0.0,
8,8,8,2,256,2048,512,deepep,136,2048,512,0.0,
8,8,8,2,256,2048,512,deepep,137,2048,512,0.0,
8,8,8,2,256,2048,512,deepep,138,2048,512,0.0,
8,8,8,2,256,2048,512,deepep,139,2048,512,0.0,
8,8,8,2,256,2048,512,deepep,140,2048,512,0.0,
8,8,8,2,256,2048,512,deepep,141,2048,512,0.0,
8,8,8,2,256,2048,512,deepep,142,2048,512,0.0,
8,8,8,2,256,2048,512,deepep,143,2048,512,0.0,
8,8,8,2,256,2048,512,deepep,144,2048,512,0.0,
8,8,8,2,256,2048,512,deepep,145,2048,512,0.0,
8,8,8,2,256,2048,512,deepep,146,2048,512,0.0,
8,8,8,2,256,2048,512,deepep,147,2048,512,0.0,
8,8,8,2,256,2048,512,deepep,148,2048,512,0.0,
8,8,8,2,256,2048,512,deepep,149,2048,512,0.0,
8,8,8,2,256,2048,512,deepep,150,2048,512,0.0,
8,8,8,2,256,2048,512,deepep,151,2048,512,0.0,
8,8,8,2,256,2048,512,deepep,152,2048,512,0.0,
8,8,8,2,256,2048,512,deepep,153,2048,512,0.0,
8,8,8,2,256,2048,512,deepep,154,2048,512,0.0,
8,8,8,2,256,2048,512,deepep,155,2048,512,0.0,
8,8,8,2,256,2048,512,deepep,156,2048,512,0.0,
8,8,8,2,256,2048,512,deepep,157,2048,512,0.0,
8,8,8,2,256,2048,512,deepep,158,2048,512,0.0,
8,8,8,2,256,2048,512,deepep,159,2048,512,0.0,
8,8,8,2,256,2048,512,deepep,160,2048,512,0.0,
8,8,8,2,256,2048,512,deepep,161,2048,512,0.0,
8,8,8,2,256,2048,512,deepep,162,2048,512,0.0,
8,8,8,2,256,2048,512,deepep,163,2048,512,0.0,
8,8,8,2,256,2048,512,deepep,164,2048,512,0.0,
8,8,8,2,256,2048,512,deepep,165,2048,512,0.0,
8,8,8,2,256,2048,512,deepep,166,2048,512,0.0,
8,8,8,2,256,2048,512,deepep,167,2048,512,0.0,
8,8,8,2,256,2048,512,deepep,168,2048,512,0.0,
8,8,8,2,256,2048,512,deepep,169,2048,512,0.0,
8,8,8,2,256,2048,512,deepep,170,2048,512,0.0,
8,8,8,2,256,2048,512,deepep,171,2048,512,0.0,
8,8,8,2,256,2048,512,deepep,172,2048,512,0.0,
8,8,8,2,256,2048,512,deepep,173,2048,512,0.0,
8,8,8,2,256,2048,512,deepep,174,2048,512,0.0,
8,8,8,2,256,2048,512,deepep,175,2048,512,0.0,
8,8,8,2,256,2048,512,deepep,176,2048,512,0.0,
8,8,8,2,256,2048,512,deepep,177,2048,512,0.0,
8,8,8,2,256,2048,512,deepep,178,2048,512,0.0,
8,8,8,2,256,2048,512,deepep,179,2048,512,0.0,
8,8,8,2,256,2048,512,deepep,180,2048,512,0.0,
8,8,8,2,256,2048,512,deepep,181,2048,512,0.0,
8,8,8,2,256,2048,512,deepep,182,2048,512,0.0,
8,8,8,2,256,2048,512,deepep,183,2048,512,0.0,
8,8,8,2,256,2048,512,deepep,184,2048,512,0.0,
8,8,8,2,256,2048,512,deepep,185,2048,512,0.0,
8,8,8,2,256,2048,512,deepep,186,2048,512,0.0,
8,8,8,2,256,2048,512,deepep,187,2048,512,0.0,
8,8,8,2,256,2048,512,deepep,188,2048,512,0.0,
8,8,8,2,256,2048,512,deepep,189,2048,512,0.0,
8,8,8,2,256,2048,512,deepep,190,2048,512,0.0,
8,8,8,2,256,2048,512,deepep,191,2048,512,0.0,
8,8,8,2,256,2048,512,deepep,192,2048,512,0.0,
8,8,8,2,256,2048,512,deepep,193,2048,512,0.0,
8,8,8,2,256,2048,512,deepep,194,2048,512,0.0,
8,8,8,2,256,2048,512,deepep,195,2048,512,0.0,
8,8,8,2,256,2048,512,deepep,196,2048,512,0.0,
8,8,8,2,256,2048,512,deepep,197,2048,512,0.0,
8,8,8,2,256,2048,512,deepep,198,2048,512,0.0,
8,8,8,2,256,2048,512,deepep,199,2048,512,0.0,
8,8,8,2,256,2048,512,deepep,200,2048,512,0.0,
8,8,8,2,256,2048,512,deepep,201,2048,512,0.0,
8,8,8,2,256,2048,512,deepep,202,2048,512,0.0,
8,8,8,2,256,2048,512,deepep,203,2048,512,0.0,
8,8,8,2,256,2048,512,deepep,204,2048,512,0.0,
8,8,8,2,256,2048,512,deepep,205,2048,512,0.0,
8,8,8,2,256,2048,512,deepep,206,2048,512,0.0,
8,8,8,2,256,2048,512,deepep,207,2048,512,0.0,
8,8,8,2,256,2048,512,deepep,208,2048,512,0.0,
8,8,8,2,256,2048,512,deepep,209,2048,512,0.0,
8,8,8,2,256,2048,512,deepep,210,2048,512,0.0,
8,8,8,2,256,2048,512,deepep,211,2048,512,0.0,
8,8,8,2,256,2048,512,deepep,212,2048,512,0.0,
8,8,8,2,256,2048,512,deepep,213,2048,512,0.0,
8,8,8,2,256,2048,512,deepep,214,2048,512,0.0,
8,8,8,2,256,2048,512,deepep,215,2048,512,0.0,
8,8,8,2,256,2048,512,deepep,216,2048,512,0.0,
8,8,8,2,256,2048,512,deepep,217,2048,512,0.0,
8,8,8,2,256,2048,512,deepep,218,2048,512,0.0,
8,8,8,2,256,2048,512,deepep,219,2048,512,0.0,
8,8,8,2,256,2048,512,deepep,220,2048,512,0.0,
8,8,8,2,256,2048,512,deepep,221,2048,512,0.0,
8,8,8,2,256,2048,512,deepep,222,2048,512,0.0,
8,8,8,2,256,2048,512,deepep,223,2048,512,0.0,
8,8,8,2,256,2048,512,deepep,224,2048,512,0.0,
8,8,8,2,256,2048,512,deepep,225,2048,512,0.0,
8,8,8,2,256,2048,512,deepep,226,2048,512,0.0,
8,8,8,2,256,2048,512,deepep,227,2048,512,0.0,
8,8,8,2,256,2048,512,deepep,228,2048,512,0.0,
8,8,8,2,256,2048,512,deepep,229,2048,512,0.0,
8,8,8,2,256,2048,512,deepep,230,2048,512,0.0,
8,8,8,2,256,2048,512,deepep,231,2048,512,0.0,
8,8,8,2,256,2048,512,deepep,232,2048,512,0.0,
8,8,8,2,256,2048,512,deepep,233,2048,512,0.0,
8,8,8,2,256,2048,512,deepep,234,2048,512,0.0,
8,8,8,2,256,2048,512,deepep,235,2048,512,0.0,
8,8,8,2,256,2048,512,deepep,236,2048,512,0.0,
8,8,8,2,256,2048,512,deepep,237,2048,512,0.0,
8,8,8,2,256,2048,512,deepep,238,2048,512,0.0,
8,8,8,2,256,2048,512,deepep,239,2048,512,0.0,
8,8,8,2,256,2048,512,deepep,240,2048,512,0.0,
8,8,8,2,256,2048,512,deepep,241,2048,512,0.0,
8,8,8,2,256,2048,512,deepep,242,2048,512,0.0,
8,8,8,2,256,2048,512,deepep,243,2048,512,0.0,
8,8,8,2,256,2048,512,deepep,244,2048,512,0.0,
8,8,8,2,256,2048,512,deepep,245,2048,512,0.0,
8,8,8,2,256,2048,512,deepep,246,2048,512,0.0,
8,8,8,2,256,2048,512,deepep,247,2048,512,0.0,
8,8,8,2,256,2048,512,deepep,248,2048,512,0.0,
8,8,8,2,256,2048,512,deepep,249,2048,512,0.0,
8,8,8,2,256,2048,512,deepep,250,2048,512,0.0,
8,8,8,2,256,2048,512,deepep,251,2048,512,0.0,
8,8,8,2,256,2048,512,deepep,252,2048,512,0.0,
8,8,8,2,256,2048,512,deepep,253,2048,512,0.0,
8,8,8,2,256,2048,512,deepep,254,2048,512,0.0,
8,8,8,2,256,2048,512,deepep,255,2048,512,0.0,
8,8,8,2,2,1024,512,deepep,0,1024,512,0.0,
8,8,8,2,2,1024,512,deepep,1,1024,512,0.0,
8,8,8,2,2,131072,512,deepep,0,131072,512,0.0,
8,8,8,2,2,131072,512,deepep,1,131072,512,0.0,
8,8,8,2,2,16384,512,deepep,0,16384,512,0.0,
8,8,8,2,2,16384,512,deepep,1,16384,512,0.0,
8,8,8,2,2,2048,512,deepep,0,2048,512,0.0,
8,8,8,2,2,2048,512,deepep,1,2048,512,0.0,
8,8,8,2,2,32768,512,deepep,0,32768,512,0.0,
8,8,8,2,2,32768,512,deepep,1,32768,512,0.0,
8,8,8,2,2,4096,512,deepep,0,4096,512,0.0,
8,8,8,2,2,4096,512,deepep,1,4096,512,0.0,
8,8,8,2,2,65536,512,deepep,0,65536,512,0.0,
8,8,8,2,2,65536,512,deepep,1,65536,512,0.0,
8,8,8,2,2,8192,512,deepep,0,8192,512,0.0,
8,8,8,2,2,8192,512,deepep,1,8192,512,0.0,
8,8,8,2,32,1024,512,deepep,0,1024,512,0.0,
8,8,8,2,32,1024,512,deepep,1,1024,512,0.0,
8,8,8,2,32,1024,512,deepep,2,1024,512,0.0,
8,8,8,2,32,1024,512,deepep,3,1024,512,0.0,
8,8,8,2,32,1024,512,deepep,4,1024,512,0.0,
8,8,8,2,32,1024,512,deepep,5,1024,512,0.0,
8,8,8,2,32,1024,512,deepep,6,1024,512,0.0,
8,8,8,2,32,1024,512,deepep,7,1024,512,0.0,
8,8,8,2,32,1024,512,deepep,8,1024,512,0.0,
8,8,8,2,32,1024,512,deepep,9,1024,512,0.0,
8,8,8,2,32,1024,512,deepep,10,1024,512,0.0,
8,8,8,2,32,1024,512,deepep,11,1024,512,0.0,
8,8,8,2,32,1024,512,deepep,12,1024,512,0.0,
8,8,8,2,32,1024,512,deepep,13,1024,512,0.0,
8,8,8,2,32,1024,512,deepep,14,1024,512,0.0,
8,8,8,2,32,1024,512,deepep,15,1024,512,0.0,
8,8,8,2,32,1024,512,deepep,16,1024,512,0.0,
8,8,8,2,32,1024,512,deepep,17,1024,512,0.0,
8,8,8,2,32,1024,512,deepep,18,1024,512,0.0,
8,8,8,2,32,1024,512,deepep,19,1024,512,0.0,
8,8,8,2,32,1024,512,deepep,20,1024,512,0.0,
8,8,8,2,32,1024,512,deepep,21,1024,512,0.0,
8,8,8,2,32,1024,512,deepep,22,1024,512,0.0,
8,8,8,2,32,1024,512,deepep,23,1024,512,0.0,
8,8,8,2,32,1024,512,deepep,24,1024,512,0.0,
8,8,8,2,32,1024,512,deepep,25,1024,512,0.0,
8,8,8,2,32,1024,512,deepep,26,1024,512,0.0,
8,8,8,2,32,1024,512,deepep,27,1024,512,0.0,
8,8,8,2,32,1024,512,deepep,28,1024,512,0.0,
8,8,8,2,32,1024,512,deepep,29,1024,512,0.0,
8,8,8,2,32,1024,512,deepep,30,1024,512,0.0,
8,8,8,2,32,1024,512,deepep,31,1024,512,0.0,
8,8,8,2,32,16384,512,deepep,0,16384,512,0.0,
8,8,8,2,32,16384,512,deepep,1,16384,512,0.0,
8,8,8,2,32,16384,512,deepep,2,16384,512,0.0,
8,8,8,2,32,16384,512,deepep,3,16384,512,0.0,
8,8,8,2,32,16384,512,deepep,4,16384,512,0.0,
8,8,8,2,32,16384,512,deepep,5,16384,512,0.0,
8,8,8,2,32,16384,512,deepep,6,16384,512,0.0,
8,8,8,2,32,16384,512,deepep,7,16384,512,0.0,
8,8,8,2,32,16384,512,deepep,8,16384,512,0.0,
8,8,8,2,32,16384,512,deepep,9,16384,512,0.0,
8,8,8,2,32,16384,512,deepep,10,16384,512,0.0,
8,8,8,2,32,16384,512,deepep,11,16384,512,0.0,
8,8,8,2,32,16384,512,deepep,12,16384,512,0.0,
8,8,8,2,32,16384,512,deepep,13,16384,512,0.0,
8,8,8,2,32,16384,512,deepep,14,16384,512,0.0,
8,8,8,2,32,16384,512,deepep,15,16384,512,0.0,
8,8,8,2,32,16384,512,deepep,16,16384,512,0.0,
8,8,8,2,32,16384,512,deepep,17,16384,512,0.0,
8,8,8,2,32,16384,512,deepep,18,16384,512,0.0,
8,8,8,2,32,16384,512,deepep,19,16384,512,0.0,
8,8,8,2,32,16384,512,deepep,20,16384,512,0.0,
8,8,8,2,32,16384,512,deepep,21,16384,512,0.0,
8,8,8,2,32,16384,512,deepep,22,16384,512,0.0,
8,8,8,2,32,16384,512,deepep,23,16384,512,0.0,
8,8,8,2,32,16384,512,deepep,24,16384,512,0.0,
8,8,8,2,32,16384,512,deepep,25,16384,512,0.0,
8,8,8,2,32,16384,512,deepep,26,16384,512,0.0,
8,8,8,2,32,16384,512,deepep,27,16384,512,0.0,
8,8,8,2,32,16384,512,deepep,28,16384,512,0.0,
8,8,8,2,32,16384,512,deepep,29,16384,512,0.0,
8,8,8,2,32,16384,512,deepep,30,16384,512,0.0,
8,8,8,2,32,16384,512,deepep,31,16384,512,0.0,
8,8,8,2,32,2048,512,deepep,0,2048,512,0.0,
8,8,8,2,32,2048,512,deepep,1,2048,512,0.0,
8,8,8,2,32,2048,512,deepep,2,2048,512,0.0,
8,8,8,2,32,2048,512,deepep,3,2048,512,0.0,
8,8,8,2,32,2048,512,deepep,4,2048,512,0.0,
8,8,8,2,32,2048,512,deepep,5,2048,512,0.0,
8,8,8,2,32,2048,512,deepep,6,2048,512,0.0,
8,8,8,2,32,2048,512,deepep,7,2048,512,0.0,
8,8,8,2,32,2048,512,deepep,8,2048,512,0.0,
8,8,8,2,32,2048,512,deepep,9,2048,512,0.0,
8,8,8,2,32,2048,512,deepep,10,2048,512,0.0,
8,8,8,2,32,2048,512,deepep,11,2048,512,0.0,
8,8,8,2,32,2048,512,deepep,12,2048,512,0.0,
8,8,8,2,32,2048,512,deepep,13,2048,512,0.0,
8,8,8,2,32,2048,512,deepep,14,2048,512,0.0,
8,8,8,2,32,2048,512,deepep,15,2048,512,0.0,
8,8,8,2,32,2048,512,deepep,16,2048,512,0.0,
8,8,8,2,32,2048,512,deepep,17,2048,512,0.0,
8,8,8,2,32,2048,512,deepep,18,2048,512,0.0,
8,8,8,2,32,2048,512,deepep,19,2048,512,0.0,
8,8,8,2,32,2048,512,deepep,20,2048,512,0.0,
8,8,8,2,32,2048,512,deepep,21,2048,512,0.0,
8,8,8,2,32,2048,512,deepep,22,2048,512,0.0,
8,8,8,2,32,2048,512,deepep,23,2048,512,0.0,
8,8,8,2,32,2048,512,deepep,24,2048,512,0.0,
8,8,8,2,32,2048,512,deepep,25,2048,512,0.0,
8,8,8,2,32,2048,512,deepep,26,2048,512,0.0,
8,8,8,2,32,2048,512,deepep,27,2048,512,0.0,
8,8,8,2,32,2048,512,deepep,28,2048,512,0.0,
8,8,8,2,32,2048,512,deepep,29,2048,512,0.0,
8,8,8,2,32,2048,512,deepep,30,2048,512,0.0,
8,8,8,2,32,2048,512,deepep,31,2048,512,0.0,
8,8,8,2,32,4096,512,deepep,0,4096,512,0.0,
8,8,8,2,32,4096,512,deepep,1,4096,512,0.0,
8,8,8,2,32,4096,512,deepep,2,4096,512,0.0,
8,8,8,2,32,4096,512,deepep,3,4096,512,0.0,
8,8,8,2,32,4096,512,deepep,4,4096,512,0.0,
8,8,8,2,32,4096,512,deepep,5,4096,512,0.0,
8,8,8,2,32,4096,512,deepep,6,4096,512,0.0,
8,8,8,2,32,4096,512,deepep,7,4096,512,0.0,
8,8,8,2,32,4096,512,deepep,8,4096,512,0.0,
8,8,8,2,32,4096,512,deepep,9,4096,512,0.0,
8,8,8,2,32,4096,512,deepep,10,4096,512,0.0,
8,8,8,2,32,4096,512,deepep,11,4096,512,0.0,
8,8,8,2,32,4096,512,deepep,12,4096,512,0.0,
8,8,8,2,32,4096,512,deepep,13,4096,512,0.0,
8,8,8,2,32,4096,512,deepep,14,4096,512,0.0,
8,8,8,2,32,4096,512,deepep,15,4096,512,0.0,
8,8,8,2,32,4096,512,deepep,16,4096,512,0.0,
8,8,8,2,32,4096,512,deepep,17,4096,512,0.0,
8,8,8,2,32,4096,512,deepep,18,4096,512,0.0,
8,8,8,2,32,4096,512,deepep,19,4096,512,0.0,
8,8,8,2,32,4096,512,deepep,20,4096,512,0.0,
8,8,8,2,32,4096,512,deepep,21,4096,512,0.0,
8,8,8,2,32,4096,512,deepep,22,4096,512,0.0,
8,8,8,2,32,4096,512,deepep,23,4096,512,0.0,
8,8,8,2,32,4096,512,deepep,24,4096,512,0.0,
8,8,8,2,32,4096,512,deepep,25,4096,512,0.0,
8,8,8,2,32,4096,512,deepep,26,4096,512,0.0,
8,8,8,2,32,4096,512,deepep,27,4096,512,0.0,
8,8,8,2,32,4096,512,deepep,28,4096,512,0.0,
8,8,8,2,32,4096,512,deepep,29,4096,512,0.0,
8,8,8,2,32,4096,512,deepep,30,4096,512,0.0,
8,8,8,2,32,4096,512,deepep,31,4096,512,0.0,
8,8,8,2,32,8192,512,deepep,0,8192,512,0.0,
8,8,8,2,32,8192,512,deepep,1,8192,512,0.0,
8,8,8,2,32,8192,512,deepep,2,8192,512,0.0,
8,8,8,2,32,8192,512,deepep,3,8192,512,0.0,
8,8,8,2,32,8192,512,deepep,4,8192,512,0.0,
8,8,8,2,32,8192,512,deepep,5,8192,512,0.0,
8,8,8,2,32,8192,512,deepep,6,8192,512,0.0,
8,8,8,2,32,8192,512,deepep,7,8192,512,0.0,
8,8,8,2,32,8192,512,deepep,8,8192,512,0.0,
8,8,8,2,32,8192,512,deepep,9,8192,512,0.0,
8,8,8,2,32,8192,512,deepep,10,8192,512,0.0,
8,8,8,2,32,8192,512,deepep,11,8192,512,0.0,
8,8,8,2,32,8192,512,deepep,12,8192,512,0.0,
8,8,8,2,32,8192,512,deepep,13,8192,512,0.0,
8,8,8,2,32,8192,512,deepep,14,8192,512,0.0,
8,8,8,2,32,8192,512,deepep,15,8192,512,0.0,
8,8,8,2,32,8192,512,deepep,16,8192,512,0.0,
8,8,8,2,32,8192,512,deepep,17,8192,512,0.0,
8,8,8,2,32,8192,512,deepep,18,8192,512,0.0,
8,8,8,2,32,8192,512,deepep,19,8192,512,0.0,
8,8,8,2,32,8192,512,deepep,20,8192,512,0.0,
8,8,8,2,32,8192,512,deepep,21,8192,512,0.0,
8,8,8,2,32,8192,512,deepep,22,8192,512,0.0,
8,8,8,2,32,8192,512,deepep,23,8192,512,0.0,
8,8,8,2,32,8192,512,deepep,24,8192,512,0.0,
8,8,8,2,32,8192,512,deepep,25,8192,512,0.0,
8,8,8,2,32,8192,512,deepep,26,8192,512,0.0,
8,8,8,2,32,8192,512,deepep,27,8192,512,0.0,
8,8,8,2,32,8192,512,deepep,28,8192,512,0.0,
8,8,8,2,32,8192,512,deepep,29,8192,512,0.0,
8,8,8,2,32,8192,512,deepep,30,8192,512,0.0,
8,8,8,2,32,8192,512,deepep,31,8192,512,0.0,
8,8,8,2,4,1024,512,deepep,0,1024,512,0.0,
8,8,8,2,4,1024,512,deepep,1,1024,512,0.0,
8,8,8,2,4,1024,512,deepep,2,1024,512,0.0,
8,8,8,2,4,1024,512,deepep,3,1024,512,0.0,
8,8,8,2,4,131072,512,deepep,0,131072,512,0.0,
8,8,8,2,4,131072,512,deepep,1,131072,512,0.0,
8,8,8,2,4,131072,512,deepep,2,131072,512,0.0,
8,8,8,2,4,131072,512,deepep,3,131072,512,0.0,
8,8,8,2,4,16384,512,deepep,0,16384,512,0.0,
8,8,8,2,4,16384,512,deepep,1,16384,512,0.0,
8,8,8,2,4,16384,512,deepep,2,16384,512,0.0,
8,8,8,2,4,16384,512,deepep,3,16384,512,0.0,
8,8,8,2,4,2048,512,deepep,0,2048,512,0.0,
8,8,8,2,4,2048,512,deepep,1,2048,512,0.0,
8,8,8,2,4,2048,512,deepep,2,2048,512,0.0,
8,8,8,2,4,2048,512,deepep,3,2048,512,0.0,
8,8,8,2,4,32768,512,deepep,0,32768,512,0.0,
8,8,8,2,4,32768,512,deepep,1,32768,512,0.0,
8,8,8,2,4,32768,512,deepep,2,32768,512,0.0,
8,8,8,2,4,32768,512,deepep,3,32768,512,0.0,
8,8,8,2,4,4096,512,deepep,0,4096,512,0.0,
8,8,8,2,4,4096,512,deepep,1,4096,512,0.0,
8,8,8,2,4,4096,512,deepep,2,4096,512,0.0,
8,8,8,2,4,4096,512,deepep,3,4096,512,0.0,
8,8,8,2,4,65536,512,deepep,0,65536,512,0.0,
8,8,8,2,4,65536,512,deepep,1,65536,512,0.0,
8,8,8,2,4,65536,512,deepep,2,65536,512,0.0,
8,8,8,2,4,65536,512,deepep,3,65536,512,0.0,
8,8,8,2,4,8192,512,deepep,0,8192,512,0.0,
8,8,8,2,4,8192,512,deepep,1,8192,512,0.0,
8,8,8,2,4,8192,512,deepep,2,8192,512,0.0,
8,8,8,2,4,8192,512,deepep,3,8192,512,0.0,
8,8,8,2,512,1024,512,deepep,0,1024,512,0.0,
8,8,8,2,512,1024,512,deepep,1,1024,512,0.0,
8,8,8,2,512,1024,512,deepep,2,1024,512,0.0,
8,8,8,2,512,1024,512,deepep,3,1024,512,0.0,
8,8,8,2,512,1024,512,deepep,4,1024,512,0.0,
8,8,8,2,512,1024,512,deepep,5,1024,512,0.0,
8,8,8,2,512,1024,512,deepep,6,1024,512,0.0,
8,8,8,2,512,1024,512,deepep,7,1024,512,0.0,
8,8,8,2,512,1024,512,deepep,8,1024,512,0.0,
8,8,8,2,512,1024,512,deepep,9,1024,512,0.0,
8,8,8,2,512,1024,512,deepep,10,1024,512,0.0,
8,8,8,2,512,1024,512,deepep,11,1024,512,0.0,
8,8,8,2,512,1024,512,deepep,12,1024,512,0.0,
8,8,8,2,512,1024,512,deepep,13,1024,512,0.0,
8,8,8,2,512,1024,512,deepep,14,1024,512,0.0,
8,8,8,2,512,1024,512,deepep,15,1024,512,0.0,
8,8,8,2,512,1024,512,deepep,16,1024,512,0.0,
8,8,8,2,512,1024,512,deepep,17,1024,512,0.0,
8,8,8,2,512,1024,512,deepep,18,1024,512,0.0,
8,8,8,2,512,1024,512,deepep,19,1024,512,0.0,
8,8,8,2,512,1024,512,deepep,20,1024,512,0.0,
8,8,8,2,512,1024,512,deepep,21,1024,512,0.0,
8,8,8,2,512,1024,512,deepep,22,1024,512,0.0,
8,8,8,2,512,1024,512,deepep,23,1024,512,0.0,
8,8,8,2,512,1024,512,deepep,24,1024,512,0.0,
8,8,8,2,512,1024,512,deepep,25,1024,512,0.0,
8,8,8,2,512,1024,512,deepep,26,1024,512,0.0,
8,8,8,2,512,1024,512,deepep,27,1024,512,0.0,
8,8,8,2,512,1024,512,deepep,28,1024,512,0.0,
8,8,8,2,512,1024,512,deepep,29,1024,512,0.0,
8,8,8,2,512,1024,512,deepep,30,1024,512,0.0,
8,8,8,2,512,1024,512,deepep,31,1024,512,0.0,
8,8,8,2,512,1024,512,deepep,32,1024,512,0.0,
8,8,8,2,512,1024,512,deepep,33,1024,512,0.0,
8,8,8,2,512,1024,512,deepep,34,1024,512,0.0,
8,8,8,2,512,1024,512,deepep,35,1024,512,0.0,
8,8,8,2,512,1024,512,deepep,36,1024,512,0.0,
8,8,8,2,512,1024,512,deepep,37,1024,512,0.0,
8,8,8,2,512,1024,512,deepep,38,1024,512,0.0,
8,8,8,2,512,1024,512,deepep,39,1024,512,0.0,
8,8,8,2,512,1024,512,deepep,40,1024,512,0.0,
8,8,8,2,512,1024,512,deepep,41,1024,512,0.0,
8,8,8,2,512,1024,512,deepep,42,1024,512,0.0,
8,8,8,2,512,1024,512,deepep,43,1024,512,0.0,
8,8,8,2,512,1024,512,deepep,44,1024,512,0.0,
8,8,8,2,512,1024,512,deepep,45,1024,512,0.0,
8,8,8,2,512,1024,512,deepep,46,1024,512,0.0,
8,8,8,2,512,1024,512,deepep,47,1024,512,0.0,
8,8,8,2,512,1024,512,deepep,48,1024,512,0.0,
8,8,8,2,512,1024,512,deepep,49,1024,512,0.0,
8,8,8,2,512,1024,512,deepep,50,1024,512,0.0,
8,8,8,2,512,1024,512,deepep,51,1024,512,0.0,
8,8,8,2,512,1024,512,deepep,52,1024,512,0.0,
8,8,8,2,512,1024,512,deepep,53,1024,512,0.0,
8,8,8,2,512,1024,512,deepep,54,1024,512,0.0,
8,8,8,2,512,1024,512,deepep,55,1024,512,0.0,
8,8,8,2,512,1024,512,deepep,56,1024,512,0.0,
8,8,8,2,512,1024,512,deepep,57,1024,512,0.0,
8,8,8,2,512,1024,512,deepep,58,1024,512,0.0,
8,8,8,2,512,1024,512,deepep,59,1024,512,0.0,
8,8,8,2,512,1024,512,deepep,60,1024,512,0.0,
8,8,8,2,512,1024,512,deepep,61,1024,512,0.0,
8,8,8,2,512,1024,512,deepep,62,1024,512,0.0,
8,8,8,2,512,1024,512,deepep,63,1024,512,0.0,
8,8,8,2,512,1024,512,deepep,64,1024,512,0.0,
8,8,8,2,512,1024,512,deepep,65,1024,512,0.0,
8,8,8,2,512,1024,512,deepep,66,1024,512,0.0,
8,8,8,2,512,1024,512,deepep,67,1024,512,0.0,
8,8,8,2,512,1024,512,deepep,68,1024,512,0.0,
8,8,8,2,512,1024,512,deepep,69,1024,512,0.0,
8,8,8,2,512,1024,512,deepep,70,1024,512,0.0,
8,8,8,2,512,1024,512,deepep,71,1024,512,0.0,
8,8,8,2,512,1024,512,deepep,72,1024,512,0.0,
8,8,8,2,512,1024,512,deepep,73,1024,512,0.0,
8,8,8,2,512,1024,512,deepep,74,1024,512,0.0,
8,8,8,2,512,1024,512,deepep,75,1024,512,0.0,
8,8,8,2,512,1024,512,deepep,76,1024,512,0.0,
8,8,8,2,512,1024,512,deepep,77,1024,512,0.0,
8,8,8,2,512,1024,512,deepep,78,1024,512,0.0,
8,8,8,2,512,1024,512,deepep,79,1024,512,0.0,
8,8,8,2,512,1024,512,deepep,80,1024,512,0.0,
8,8,8,2,512,1024,512,deepep,81,1024,512,0.0,
8,8,8,2,512,1024,512,deepep,82,1024,512,0.0,
8,8,8,2,512,1024,512,deepep,83,1024,512,0.0,
8,8,8,2,512,1024,512,deepep,84,1024,512,0.0,
8,8,8,2,512,1024,512,deepep,85,1024,512,0.0,
8,8,8,2,512,1024,512,deepep,86,1024,512,0.0,
8,8,8,2,512,1024,512,deepep,87,1024,512,0.0,
8,8,8,2,512,1024,512,deepep,88,1024,512,0.0,
8,8,8,2,512,1024,512,deepep,89,1024,512,0.0,
8,8,8,2,512,1024,512,deepep,90,1024,512,0.0,
8,8,8,2,512,1024,512,deepep,91,1024,512,0.0,
8,8,8,2,512,1024,512,deepep,92,1024,512,0.0,
8,8,8,2,512,1024,512,deepep,93,1024,512,0.0,
8,8,8,2,512,1024,512,deepep,94,1024,512,0.0,
8,8,8,2,512,1024,512,deepep,95,1024,512,0.0,
8,8,8,2,512,1024,512,deepep,96,1024,512,0.0,
8,8,8,2,512,1024,512,deepep,97,1024,512,0.0,
8,8,8,2,512,1024,512,deepep,98,1024,512,0.0,
8,8,8,2,512,1024,512,deepep,99,1024,512,0.0,
8,8,8,2,512,1024,512,deepep,100,1024,512,0.0,
8,8,8,2,512,1024,512,deepep,101,1024,512,0.0,
8,8,8,2,512,1024,512,deepep,102,1024,512,0.0,
8,8,8,2,512,1024,512,deepep,103,1024,512,0.0,
8,8,8,2,512,1024,512,deepep,104,1024,512,0.0,
8,8,8,2,512,1024,512,deepep,105,1024,512,0.0,
8,8,8,2,512,1024,512,deepep,106,1024,512,0.0,
8,8,8,2,512,1024,512,deepep,107,1024,512,0.0,
8,8,8,2,512,1024,512,deepep,108,1024,512,0.0,
8,8,8,2,512,1024,512,deepep,109,1024,512,0.0,
8,8,8,2,512,1024,512,deepep,110,1024,512,0.0,
8,8,8,2,512,1024,512,deepep,111,1024,512,0.0,
8,8,8,2,512,1024,512,deepep,112,1024,512,0.0,
8,8,8,2,512,1024,512,deepep,113,1024,512,0.0,
8,8,8,2,512,1024,512,deepep,114,1024,512,0.0,
8,8,8,2,512,1024,512,deepep,115,1024,512,0.0,
8,8,8,2,512,1024,512,deepep,116,1024,512,0.0,
8,8,8,2,512,1024,512,deepep,117,1024,512,0.0,
8,8,8,2,512,1024,512,deepep,118,1024,512,0.0,
8,8,8,2,512,1024,512,deepep,119,1024,512,0.0,
8,8,8,2,512,1024,512,deepep,120,1024,512,0.0,
8,8,8,2,512,1024,512,deepep,121,1024,512,0.0,
8,8,8,2,512,1024,512,deepep,122,1024,512,0.0,
8,8,8,2,512,1024,512,deepep,123,1024,512,0.0,
8,8,8,2,512,1024,512,deepep,124,1024,512,0.0,
8,8,8,2,512,1024,512,deepep,125,1024,512,0.0,
8,8,8,2,512,1024,512,deepep,126,1024,512,0.0,
8,8,8,2,512,1024,512,deepep,127,1024,512,0.0,
8,8,8,2,512,1024,512,deepep,128,1024,512,0.0,
8,8,8,2,512,1024,512,deepep,129,1024,512,0.0,
8,8,8,2,512,1024,512,deepep,130,1024,512,0.0,
8,8,8,2,512,1024,512,deepep,131,1024,512,0.0,
8,8,8,2,512,1024,512,deepep,132,1024,512,0.0,
8,8,8,2,512,1024,512,deepep,133,1024,512,0.0,
8,8,8,2,512,1024,512,deepep,134,1024,512,0.0,
8,8,8,2,512,1024,512,deepep,135,1024,512,0.0,
8,8,8,2,512,1024,512,deepep,136,1024,512,0.0,
8,8,8,2,512,1024,512,deepep,137,1024,512,0.0,
8,8,8,2,512,1024,512,deepep,138,1024,512,0.0,
8,8,8,2,512,1024,512,deepep,139,1024,512,0.0,
8,8,8,2,512,1024,512,deepep,140,1024,512,0.0,
8,8,8,2,512,1024,512,deepep,141,1024,512,0.0,
8,8,8,2,512,1024,512,deepep,142,1024,512,0.0,
8,8,8,2,512,1024,512,deepep,143,1024,512,0.0,
8,8,8,2,512,1024,512,deepep,144,1024,512,0.0,
8,8,8,2,512,1024,512,deepep,145,1024,512,0.0,
8,8,8,2,512,1024,512,deepep,146,1024,512,0.0,
8,8,8,2,512,1024,512,deepep,147,1024,512,0.0,
8,8,8,2,512,1024,512,deepep,148,1024,512,0.0,
8,8,8,2,512,1024,512,deepep,149,1024,512,0.0,
8,8,8,2,512,1024,512,deepep,150,1024,512,0.0,
8,8,8,2,512,1024,512,deepep,151,1024,512,0.0,
8,8,8,2,512,1024,512,deepep,152,1024,512,0.0,
8,8,8,2,512,1024,512,deepep,153,1024,512,0.0,
8,8,8,2,512,1024,512,deepep,154,1024,512,0.0,
8,8,8,2,512,1024,512,deepep,155,1024,512,0.0,
8,8,8,2,512,1024,512,deepep,156,1024,512,0.0,
8,8,8,2,512,1024,512,deepep,157,1024,512,0.0,
8,8,8,2,512,1024,512,deepep,158,1024,512,0.0,
8,8,8,2,512,1024,512,deepep,159,1024,512,0.0,
8,8,8,2,512,1024,512,deepep,160,1024,512,0.0,
8,8,8,2,512,1024,512,deepep,161,1024,512,0.0,
8,8,8,2,512,1024,512,deepep,162,1024,512,0.0,
8,8,8,2,512,1024,512,deepep,163,1024,512,0.0,
8,8,8,2,512,1024,512,deepep,164,1024,512,0.0,
8,8,8,2,512,1024,512,deepep,165,1024,512,0.0,
8,8,8,2,512,1024,512,deepep,166,1024,512,0.0,
8,8,8,2,512,1024,512,deepep,167,1024,512,0.0,
8,8,8,2,512,1024,512,deepep,168,1024,512,0.0,
8,8,8,2,512,1024,512,deepep,169,1024,512,0.0,
8,8,8,2,512,1024,512,deepep,170,1024,512,0.0,
8,8,8,2,512,1024,512,deepep,171,1024,512,0.0,
8,8,8,2,512,1024,512,deepep,172,1024,512,0.0,
8,8,8,2,512,1024,512,deepep,173,1024,512,0.0,
8,8,8,2,512,1024,512,deepep,174,1024,512,0.0,
8,8,8,2,512,1024,512,deepep,175,1024,512,0.0,
8,8,8,2,512,1024,512,deepep,176,1024,512,0.0,
8,8,8,2,512,1024,512,deepep,177,1024,512,0.0,
8,8,8,2,512,1024,512,deepep,178,1024,512,0.0,
8,8,8,2,512,1024,512,deepep,179,1024,512,0.0,
8,8,8,2,512,1024,512,deepep,180,1024,512,0.0,
8,8,8,2,512,1024,512,deepep,181,1024,512,0.0,
8,8,8,2,512,1024,512,deepep,182,1024,512,0.0,
8,8,8,2,512,1024,512,deepep,183,1024,512,0.0,
8,8,8,2,512,1024,512,deepep,184,1024,512,0.0,
8,8,8,2,512,1024,512,deepep,185,1024,512,0.0,
8,8,8,2,512,1024,512,deepep,186,1024,512,0.0,
8,8,8,2,512,1024,512,deepep,187,1024,512,0.0,
8,8,8,2,512,1024,512,deepep,188,1024,512,0.0,
8,8,8,2,512,1024,512,deepep,189,1024,512,0.0,
8,8,8,2,512,1024,512,deepep,190,1024,512,0.0,
8,8,8,2,512,1024,512,deepep,191,1024,512,0.0,
8,8,8,2,512,1024,512,deepep,192,1024,512,0.0,
8,8,8,2,512,1024,512,deepep,193,1024,512,0.0,
8,8,8,2,512,1024,512,deepep,194,1024,512,0.0,
8,8,8,2,512,1024,512,deepep,195,1024,512,0.0,
8,8,8,2,512,1024,512,deepep,196,1024,512,0.0,
8,8,8,2,512,1024,512,deepep,197,1024,512,0.0,
8,8,8,2,512,1024,512,deepep,198,1024,512,0.0,
8,8,8,2,512,1024,512,deepep,199,1024,512,0.0,
8,8,8,2,512,1024,512,deepep,200,1024,512,0.0,
8,8,8,2,512,1024,512,deepep,201,1024,512,0.0,
8,8,8,2,512,1024,512,deepep,202,1024,512,0.0,
8,8,8,2,512,1024,512,deepep,203,1024,512,0.0,
8,8,8,2,512,1024,512,deepep,204,1024,512,0.0,
8,8,8,2,512,1024,512,deepep,205,1024,512,0.0,
8,8,8,2,512,1024,512,deepep,206,1024,512,0.0,
8,8,8,2,512,1024,512,deepep,207,1024,512,0.0,
8,8,8,2,512,1024,512,deepep,208,1024,512,0.0,
8,8,8,2,512,1024,512,deepep,209,1024,512,0.0,
8,8,8,2,512,1024,512,deepep,210,1024,512,0.0,
8,8,8,2,512,1024,512,deepep,211,1024,512,0.0,
8,8,8,2,512,1024,512,deepep,212,1024,512,0.0,
8,8,8,2,512,1024,512,deepep,213,1024,512,0.0,
8,8,8,2,512,1024,512,deepep,214,1024,512,0.0,
8,8,8,2,512,1024,512,deepep,215,1024,512,0.0,
8,8,8,2,512,1024,512,deepep,216,1024,512,0.0,
8,8,8,2,512,1024,512,deepep,217,1024,512,0.0,
8,8,8,2,512,1024,512,deepep,218,1024,512,0.0,
8,8,8,2,512,1024,512,deepep,219,1024,512,0.0,
8,8,8,2,512,1024,512,deepep,220,1024,512,0.0,
8,8,8,2,512,1024,512,deepep,221,1024,512,0.0,
8,8,8,2,512,1024,512,deepep,222,1024,512,0.0,
8,8,8,2,512,1024,512,deepep,223,1024,512,0.0,
8,8,8,2,512,1024,512,deepep,224,1024,512,0.0,
8,8,8,2,512,1024,512,deepep,225,1024,512,0.0,
8,8,8,2,512,1024,512,deepep,226,1024,512,0.0,
8,8,8,2,512,1024,512,deepep,227,1024,512,0.0,
8,8,8,2,512,1024,512,deepep,228,1024,512,0.0,
8,8,8,2,512,1024,512,deepep,229,1024,512,0.0,
8,8,8,2,512,1024,512,deepep,230,1024,512,0.0,
8,8,8,2,512,1024,512,deepep,231,1024,512,0.0,
8,8,8,2,512,1024,512,deepep,232,1024,512,0.0,
8,8,8,2,512,1024,512,deepep,233,1024,512,0.0,
8,8,8,2,512,1024,512,deepep,234,1024,512,0.0,
8,8,8,2,512,1024,512,deepep,235,1024,512,0.0,
8,8,8,2,512,1024,512,deepep,236,1024,512,0.0,
8,8,8,2,512,1024,512,deepep,237,1024,512,0.0,
8,8,8,2,512,1024,512,deepep,238,1024,512,0.0,
8,8,8,2,512,1024,512,deepep,239,1024,512,0.0,
8,8,8,2,512,1024,512,deepep,240,1024,512,0.0,
8,8,8,2,512,1024,512,deepep,241,1024,512,0.0,
8,8,8,2,512,1024,512,deepep,242,1024,512,0.0,
8,8,8,2,512,1024,512,deepep,243,1024,512,0.0,
8,8,8,2,512,1024,512,deepep,244,1024,512,0.0,
8,8,8,2,512,1024,512,deepep,245,1024,512,0.0,
8,8,8,2,512,1024,512,deepep,246,1024,512,0.0,
8,8,8,2,512,1024,512,deepep,247,1024,512,0.0,
8,8,8,2,512,1024,512,deepep,248,1024,512,0.0,
8,8,8,2,512,1024,512,deepep,249,1024,512,0.0,
8,8,8,2,512,1024,512,deepep,250,1024,512,0.0,
8,8,8,2,512,1024,512,deepep,251,1024,512,0.0,
8,8,8,2,512,1024,512,deepep,252,1024,512,0.0,
8,8,8,2,512,1024,512,deepep,253,1024,512,0.0,
8,8,8,2,512,1024,512,deepep,254,1024,512,0.0,
8,8,8,2,512,1024,512,deepep,255,1024,512,0.0,
8,8,8,2,512,1024,512,deepep,256,1024,512,0.0,
8,8,8,2,512,1024,512,deepep,257,1024,512,0.0,
8,8,8,2,512,1024,512,deepep,258,1024,512,0.0,
8,8,8,2,512,1024,512,deepep,259,1024,512,0.0,
8,8,8,2,512,1024,512,deepep,260,1024,512,0.0,
8,8,8,2,512,1024,512,deepep,261,1024,512,0.0,
8,8,8,2,512,1024,512,deepep,262,1024,512,0.0,
8,8,8,2,512,1024,512,deepep,263,1024,512,0.0,
8,8,8,2,512,1024,512,deepep,264,1024,512,0.0,
8,8,8,2,512,1024,512,deepep,265,1024,512,0.0,
8,8,8,2,512,1024,512,deepep,266,1024,512,0.0,
8,8,8,2,512,1024,512,deepep,267,1024,512,0.0,
8,8,8,2,512,1024,512,deepep,268,1024,512,0.0,
8,8,8,2,512,1024,512,deepep,269,1024,512,0.0,
8,8,8,2,512,1024,512,deepep,270,1024,512,0.0,
8,8,8,2,512,1024,512,deepep,271,1024,512,0.0,
8,8,8,2,512,1024,512,deepep,272,1024,512,0.0,
8,8,8,2,512,1024,512,deepep,273,1024,512,0.0,
8,8,8,2,512,1024,512,deepep,274,1024,512,0.0,
8,8,8,2,512,1024,512,deepep,275,1024,512,0.0,
8,8,8,2,512,1024,512,deepep,276,1024,512,0.0,
8,8,8,2,512,1024,512,deepep,277,1024,512,0.0,
8,8,8,2,512,1024,512,deepep,278,1024,512,0.0,
8,8,8,2,512,1024,512,deepep,279,1024,512,0.0,
8,8,8,2,512,1024,512,deepep,280,1024,512,0.0,
8,8,8,2,512,1024,512,deepep,281,1024,512,0.0,
8,8,8,2,512,1024,512,deepep,282,1024,512,0.0,
8,8,8,2,512,1024,512,deepep,283,1024,512,0.0,
8,8,8,2,512,1024,512,deepep,284,1024,512,0.0,
8,8,8,2,512,1024,512,deepep,285,1024,512,0.0,
8,8,8,2,512,1024,512,deepep,286,1024,512,0.0,
8,8,8,2,512,1024,512,deepep,287,1024,512,0.0,
8,8,8,2,512,1024,512,deepep,288,1024,512,0.0,
8,8,8,2,512,1024,512,deepep,289,1024,512,0.0,
8,8,8,2,512,1024,512,deepep,290,1024,512,0.0,
8,8,8,2,512,1024,512,deepep,291,1024,512,0.0,
8,8,8,2,512,1024,512,deepep,292,1024,512,0.0,
8,8,8,2,512,1024,512,deepep,293,1024,512,0.0,
8,8,8,2,512,1024,512,deepep,294,1024,512,0.0,
8,8,8,2,512,1024,512,deepep,295,1024,512,0.0,
8,8,8,2,512,1024,512,deepep,296,1024,512,0.0,
8,8,8,2,512,1024,512,deepep,297,1024,512,0.0,
8,8,8,2,512,1024,512,deepep,298,1024,512,0.0,
8,8,8,2,512,1024,512,deepep,299,1024,512,0.0,
8,8,8,2,512,1024,512,deepep,300,1024,512,0.0,
8,8,8,2,512,1024,512,deepep,301,1024,512,0.0,
8,8,8,2,512,1024,512,deepep,302,1024,512,0.0,
8,8,8,2,512,1024,512,deepep,303,1024,512,0.0,
8,8,8,2,512,1024,512,deepep,304,1024,512,0.0,
8,8,8,2,512,1024,512,deepep,305,1024,512,0.0,
8,8,8,2,512,1024,512,deepep,306,1024,512,0.0,
8,8,8,2,512,1024,512,deepep,307,1024,512,0.0,
8,8,8,2,512,1024,512,deepep,308,1024,512,0.0,
8,8,8,2,512,1024,512,deepep,309,1024,512,0.0,
8,8,8,2,512,1024,512,deepep,310,1024,512,0.0,
8,8,8,2,512,1024,512,deepep,311,1024,512,0.0,
8,8,8,2,512,1024,512,deepep,312,1024,512,0.0,
8,8,8,2,512,1024,512,deepep,313,1024,512,0.0,
8,8,8,2,512,1024,512,deepep,314,1024,512,0.0,
8,8,8,2,512,1024,512,deepep,315,1024,512,0.0,
8,8,8,2,512,1024,512,deepep,316,1024,512,0.0,
8,8,8,2,512,1024,512,deepep,317,1024,512,0.0,
8,8,8,2,512,1024,512,deepep,318,1024,512,0.0,
8,8,8,2,512,1024,512,deepep,319,1024,512,0.0,
8,8,8,2,512,1024,512,deepep,320,1024,512,0.0,
8,8,8,2,512,1024,512,deepep,321,1024,512,0.0,
8,8,8,2,512,1024,512,deepep,322,1024,512,0.0,
8,8,8,2,512,1024,512,deepep,323,1024,512,0.0,
8,8,8,2,512,1024,512,deepep,324,1024,512,0.0,
8,8,8,2,512,1024,512,deepep,325,1024,512,0.0,
8,8,8,2,512,1024,512,deepep,326,1024,512,0.0,
8,8,8,2,512,1024,512,deepep,327,1024,512,0.0,
8,8,8,2,512,1024,512,deepep,328,1024,512,0.0,
8,8,8,2,512,1024,512,deepep,329,1024,512,0.0,
8,8,8,2,512,1024,512,deepep,330,1024,512,0.0,
8,8,8,2,512,1024,512,deepep,331,1024,512,0.0,
8,8,8,2,512,1024,512,deepep,332,1024,512,0.0,
8,8,8,2,512,1024,512,deepep,333,1024,512,0.0,
8,8,8,2,512,1024,512,deepep,334,1024,512,0.0,
8,8,8,2,512,1024,512,deepep,335,1024,512,0.0,
8,8,8,2,512,1024,512,deepep,336,1024,512,0.0,
8,8,8,2,512,1024,512,deepep,337,1024,512,0.0,
8,8,8,2,512,1024,512,deepep,338,1024,512,0.0,
8,8,8,2,512,1024,512,deepep,339,1024,512,0.0,
8,8,8,2,512,1024,512,deepep,340,1024,512,0.0,
8,8,8,2,512,1024,512,deepep,341,1024,512,0.0,
8,8,8,2,512,1024,512,deepep,342,1024,512,0.0,
8,8,8,2,512,1024,512,deepep,343,1024,512,0.0,
8,8,8,2,512,1024,512,deepep,344,1024,512,0.0,
8,8,8,2,512,1024,512,deepep,345,1024,512,0.0,
8,8,8,2,512,1024,512,deepep,346,1024,512,0.0,
8,8,8,2,512,1024,512,deepep,347,1024,512,0.0,
8,8,8,2,512,1024,512,deepep,348,1024,512,0.0,
8,8,8,2,512,1024,512,deepep,349,1024,512,0.0,
8,8,8,2,512,1024,512,deepep,350,1024,512,0.0,
8,8,8,2,512,1024,512,deepep,351,1024,512,0.0,
8,8,8,2,512,1024,512,deepep,352,1024,512,0.0,
8,8,8,2,512,1024,512,deepep,353,1024,512,0.0,
8,8,8,2,512,1024,512,deepep,354,1024,512,0.0,
8,8,8,2,512,1024,512,deepep,355,1024,512,0.0,
8,8,8,2,512,1024,512,deepep,356,1024,512,0.0,
8,8,8,2,512,1024,512,deepep,357,1024,512,0.0,
8,8,8,2,512,1024,512,deepep,358,1024,512,0.0,
8,8,8,2,512,1024,512,deepep,359,1024,512,0.0,
8,8,8,2,512,1024,512,deepep,360,1024,512,0.0,
8,8,8,2,512,1024,512,deepep,361,1024,512,0.0,
8,8,8,2,512,1024,512,deepep,362,1024,512,0.0,
8,8,8,2,512,1024,512,deepep,363,1024,512,0.0,
8,8,8,2,512,1024,512,deepep,364,1024,512,0.0,
8,8,8,2,512,1024,512,deepep,365,1024,512,0.0,
8,8,8,2,512,1024,512,deepep,366,1024,512,0.0,
8,8,8,2,512,1024,512,deepep,367,1024,512,0.0,
8,8,8,2,512,1024,512,deepep,368,1024,512,0.0,
8,8,8,2,512,1024,512,deepep,369,1024,512,0.0,
8,8,8,2,512,1024,512,deepep,370,1024,512,0.0,
8,8,8,2,512,1024,512,deepep,371,1024,512,0.0,
8,8,8,2,512,1024,512,deepep,372,1024,512,0.0,
8,8,8,2,512,1024,512,deepep,373,1024,512,0.0,
8,8,8,2,512,1024,512,deepep,374,1024,512,0.0,
8,8,8,2,512,1024,512,deepep,375,1024,512,0.0,
8,8,8,2,512,1024,512,deepep,376,1024,512,0.0,
8,8,8,2,512,1024,512,deepep,377,1024,512,0.0,
8,8,8,2,512,1024,512,deepep,378,1024,512,0.0,
8,8,8,2,512,1024,512,deepep,379,1024,512,0.0,
8,8,8,2,512,1024,512,deepep,380,1024,512,0.0,
8,8,8,2,512,1024,512,deepep,381,1024,512,0.0,
8,8,8,2,512,1024,512,deepep,382,1024,512,0.0,
8,8,8,2,512,1024,512,deepep,383,1024,512,0.0,
8,8,8,2,512,1024,512,deepep,384,1024,512,0.0,
8,8,8,2,512,1024,512,deepep,385,1024,512,0.0,
8,8,8,2,512,1024,512,deepep,386,1024,512,0.0,
8,8,8,2,512,1024,512,deepep,387,1024,512,0.0,
8,8,8,2,512,1024,512,deepep,388,1024,512,0.0,
8,8,8,2,512,1024,512,deepep,389,1024,512,0.0,
8,8,8,2,512,1024,512,deepep,390,1024,512,0.0,
8,8,8,2,512,1024,512,deepep,391,1024,512,0.0,
8,8,8,2,512,1024,512,deepep,392,1024,512,0.0,
8,8,8,2,512,1024,512,deepep,393,1024,512,0.0,
8,8,8,2,512,1024,512,deepep,394,1024,512,0.0,
8,8,8,2,512,1024,512,deepep,395,1024,512,0.0,
8,8,8,2,512,1024,512,deepep,396,1024,512,0.0,
8,8,8,2,512,1024,512,deepep,397,1024,512,0.0,
8,8,8,2,512,1024,512,deepep,398,1024,512,0.0,
8,8,8,2,512,1024,512,deepep,399,1024,512,0.0,
8,8,8,2,512,1024,512,deepep,400,1024,512,0.0,
8,8,8,2,512,1024,512,deepep,401,1024,512,0.0,
8,8,8,2,512,1024,512,deepep,402,1024,512,0.0,
8,8,8,2,512,1024,512,deepep,403,1024,512,0.0,
8,8,8,2,512,1024,512,deepep,404,1024,512,0.0,
8,8,8,2,512,1024,512,deepep,405,1024,512,0.0,
8,8,8,2,512,1024,512,deepep,406,1024,512,0.0,
8,8,8,2,512,1024,512,deepep,407,1024,512,0.0,
8,8,8,2,512,1024,512,deepep,408,1024,512,0.0,
8,8,8,2,512,1024,512,deepep,409,1024,512,0.0,
8,8,8,2,512,1024,512,deepep,410,1024,512,0.0,
8,8,8,2,512,1024,512,deepep,411,1024,512,0.0,
8,8,8,2,512,1024,512,deepep,412,1024,512,0.0,
8,8,8,2,512,1024,512,deepep,413,1024,512,0.0,
8,8,8,2,512,1024,512,deepep,414,1024,512,0.0,
8,8,8,2,512,1024,512,deepep,415,1024,512,0.0,
8,8,8,2,512,1024,512,deepep,416,1024,512,0.0,
8,8,8,2,512,1024,512,deepep,417,1024,512,0.0,
8,8,8,2,512,1024,512,deepep,418,1024,512,0.0,
8,8,8,2,512,1024,512,deepep,419,1024,512,0.0,
8,8,8,2,512,1024,512,deepep,420,1024,512,0.0,
8,8,8,2,512,1024,512,deepep,421,1024,512,0.0,
8,8,8,2,512,1024,512,deepep,422,1024,512,0.0,
8,8,8,2,512,1024,512,deepep,423,1024,512,0.0,
8,8,8,2,512,1024,512,deepep,424,1024,512,0.0,
8,8,8,2,512,1024,512,deepep,425,1024,512,0.0,
8,8,8,2,512,1024,512,deepep,426,1024,512,0.0,
8,8,8,2,512,1024,512,deepep,427,1024,512,0.0,
8,8,8,2,512,1024,512,deepep,428,1024,512,0.0,
8,8,8,2,512,1024,512,deepep,429,1024,512,0.0,
8,8,8,2,512,1024,512,deepep,430,1024,512,0.0,
8,8,8,2,512,1024,512,deepep,431,1024,512,0.0,
8,8,8,2,512,1024,512,deepep,432,1024,512,0.0,
8,8,8,2,512,1024,512,deepep,433,1024,512,0.0,
8,8,8,2,512,1024,512,deepep,434,1024,512,0.0,
8,8,8,2,512,1024,512,deepep,435,1024,512,0.0,
8,8,8,2,512,1024,512,deepep,436,1024,512,0.0,
8,8,8,2,512,1024,512,deepep,437,1024,512,0.0,
8,8,8,2,512,1024,512,deepep,438,1024,512,0.0,
8,8,8,2,512,1024,512,deepep,439,1024,512,0.0,
8,8,8,2,512,1024,512,deepep,440,1024,512,0.0,
8,8,8,2,512,1024,512,deepep,441,1024,512,0.0,
8,8,8,2,512,1024,512,deepep,442,1024,512,0.0,
8,8,8,2,512,1024,512,deepep,443,1024,512,0.0,
8,8,8,2,512,1024,512,deepep,444,1024,512,0.0,
8,8,8,2,512,1024,512,deepep,445,1024,512,0.0,
8,8,8,2,512,1024,512,deepep,446,1024,512,0.0,
8,8,8,2,512,1024,512,deepep,447,1024,512,0.0,
8,8,8,2,512,1024,512,deepep,448,1024,512,0.0,
8,8,8,2,512,1024,512,deepep,449,1024,512,0.0,
8,8,8,2,512,1024,512,deepep,450,1024,512,0.0,
8,8,8,2,512,1024,512,deepep,451,1024,512,0.0,
8,8,8,2,512,1024,512,deepep,452,1024,512,0.0,
8,8,8,2,512,1024,512,deepep,453,1024,512,0.0,
8,8,8,2,512,1024,512,deepep,454,1024,512,0.0,
8,8,8,2,512,1024,512,deepep,455,1024,512,0.0,
8,8,8,2,512,1024,512,deepep,456,1024,512,0.0,
8,8,8,2,512,1024,512,deepep,457,1024,512,0.0,
8,8,8,2,512,1024,512,deepep,458,1024,512,0.0,
8,8,8,2,512,1024,512,deepep,459,1024,512,0.0,
8,8,8,2,512,1024,512,deepep,460,1024,512,0.0,
8,8,8,2,512,1024,512,deepep,461,1024,512,0.0,
8,8,8,2,512,1024,512,deepep,462,1024,512,0.0,
8,8,8,2,512,1024,512,deepep,463,1024,512,0.0,
8,8,8,2,512,1024,512,deepep,464,1024,512,0.0,
8,8,8,2,512,1024,512,deepep,465,1024,512,0.0,
8,8,8,2,512,1024,512,deepep,466,1024,512,0.0,
8,8,8,2,512,1024,512,deepep,467,1024,512,0.0,
8,8,8,2,512,1024,512,deepep,468,1024,512,0.0,
8,8,8,2,512,1024,512,deepep,469,1024,512,0.0,
8,8,8,2,512,1024,512,deepep,470,1024,512,0.0,
8,8,8,2,512,1024,512,deepep,471,1024,512,0.0,
8,8,8,2,512,1024,512,deepep,472,1024,512,0.0,
8,8,8,2,512,1024,512,deepep,473,1024,512,0.0,
8,8,8,2,512,1024,512,deepep,474,1024,512,0.0,
8,8,8,2,512,1024,512,deepep,475,1024,512,0.0,
8,8,8,2,512,1024,512,deepep,476,1024,512,0.0,
8,8,8,2,512,1024,512,deepep,477,1024,512,0.0,
8,8,8,2,512,1024,512,deepep,478,1024,512,0.0,
8,8,8,2,512,1024,512,deepep,479,1024,512,0.0,
8,8,8,2,512,1024,512,deepep,480,1024,512,0.0,
8,8,8,2,512,1024,512,deepep,481,1024,512,0.0,
8,8,8,2,512,1024,512,deepep,482,1024,512,0.0,
8,8,8,2,512,1024,512,deepep,483,1024,512,0.0,
8,8,8,2,512,1024,512,deepep,484,1024,512,0.0,
8,8,8,2,512,1024,512,deepep,485,1024,512,0.0,
8,8,8,2,512,1024,512,deepep,486,1024,512,0.0,
8,8,8,2,512,1024,512,deepep,487,1024,512,0.0,
8,8,8,2,512,1024,512,deepep,488,1024,512,0.0,
8,8,8,2,512,1024,512,deepep,489,1024,512,0.0,
8,8,8,2,512,1024,512,deepep,490,1024,512,0.0,
8,8,8,2,512,1024,512,deepep,491,1024,512,0.0,
8,8,8,2,512,1024,512,deepep,492,1024,512,0.0,
8,8,8,2,512,1024,512,deepep,493,1024,512,0.0,
8,8,8,2,512,1024,512,deepep,494,1024,512,0.0,
8,8,8,2,512,1024,512,deepep,495,1024,512,0.0,
8,8,8,2,512,1024,512,deepep,496,1024,512,0.0,
8,8,8,2,512,1024,512,deepep,497,1024,512,0.0,
8,8,8,2,512,1024,512,deepep,498,1024,512,0.0,
8,8,8,2,512,1024,512,deepep,499,1024,512,0.0,
8,8,8,2,512,1024,512,deepep,500,1024,512,0.0,
8,8,8,2,512,1024,512,deepep,501,1024,512,0.0,
8,8,8,2,512,1024,512,deepep,502,1024,512,0.0,
8,8,8,2,512,1024,512,deepep,503,1024,512,0.0,
8,8,8,2,512,1024,512,deepep,504,1024,512,0.0,
8,8,8,2,512,1024,512,deepep,505,1024,512,0.0,
8,8,8,2,512,1024,512,deepep,506,1024,512,0.0,
8,8,8,2,512,1024,512,deepep,507,1024,512,0.0,
8,8,8,2,512,1024,512,deepep,508,1024,512,0.0,
8,8,8,2,512,1024,512,deepep,509,1024,512,0.0,
8,8,8,2,512,1024,512,deepep,510,1024,512,0.0,
8,8,8,2,512,1024,512,deepep,511,1024,512,0.0,
8,8,8,2,64,1024,512,deepep,0,1024,512,0.0,
8,8,8,2,64,1024,512,deepep,1,1024,512,0.0,
8,8,8,2,64,1024,512,deepep,2,1024,512,0.0,
8,8,8,2,64,1024,512,deepep,3,1024,512,0.0,
8,8,8,2,64,1024,512,deepep,4,1024,512,0.0,
8,8,8,2,64,1024,512,deepep,5,1024,512,0.0,
8,8,8,2,64,1024,512,deepep,6,1024,512,0.0,
8,8,8,2,64,1024,512,deepep,7,1024,512,0.0,
8,8,8,2,64,1024,512,deepep,8,1024,512,0.0,
8,8,8,2,64,1024,512,deepep,9,1024,512,0.0,
8,8,8,2,64,1024,512,deepep,10,1024,512,0.0,
8,8,8,2,64,1024,512,deepep,11,1024,512,0.0,
8,8,8,2,64,1024,512,deepep,12,1024,512,0.0,
8,8,8,2,64,1024,512,deepep,13,1024,512,0.0,
8,8,8,2,64,1024,512,deepep,14,1024,512,0.0,
8,8,8,2,64,1024,512,deepep,15,1024,512,0.0,
8,8,8,2,64,1024,512,deepep,16,1024,512,0.0,
8,8,8,2,64,1024,512,deepep,17,1024,512,0.0,
8,8,8,2,64,1024,512,deepep,18,1024,512,0.0,
8,8,8,2,64,1024,512,deepep,19,1024,512,0.0,
8,8,8,2,64,1024,512,deepep,20,1024,512,0.0,
8,8,8,2,64,1024,512,deepep,21,1024,512,0.0,
8,8,8,2,64,1024,512,deepep,22,1024,512,0.0,
8,8,8,2,64,1024,512,deepep,23,1024,512,0.0,
8,8,8,2,64,1024,512,deepep,24,1024,512,0.0,
8,8,8,2,64,1024,512,deepep,25,1024,512,0.0,
8,8,8,2,64,1024,512,deepep,26,1024,512,0.0,
8,8,8,2,64,1024,512,deepep,27,1024,512,0.0,
8,8,8,2,64,1024,512,deepep,28,1024,512,0.0,
8,8,8,2,64,1024,512,deepep,29,1024,512,0.0,
8,8,8,2,64,1024,512,deepep,30,1024,512,0.0,
8,8,8,2,64,1024,512,deepep,31,1024,512,0.0,
8,8,8,2,64,1024,512,deepep,32,1024,512,0.0,
8,8,8,2,64,1024,512,deepep,33,1024,512,0.0,
8,8,8,2,64,1024,512,deepep,34,1024,512,0.0,
8,8,8,2,64,1024,512,deepep,35,1024,512,0.0,
8,8,8,2,64,1024,512,deepep,36,1024,512,0.0,
8,8,8,2,64,1024,512,deepep,37,1024,512,0.0,
8,8,8,2,64,1024,512,deepep,38,1024,512,0.0,
8,8,8,2,64,1024,512,deepep,39,1024,512,0.0,
8,8,8,2,64,1024,512,deepep,40,1024,512,0.0,
8,8,8,2,64,1024,512,deepep,41,1024,512,0.0,
8,8,8,2,64,1024,512,deepep,42,1024,512,0.0,
8,8,8,2,64,1024,512,deepep,43,1024,512,0.0,
8,8,8,2,64,1024,512,deepep,44,1024,512,0.0,
8,8,8,2,64,1024,512,deepep,45,1024,512,0.0,
8,8,8,2,64,1024,512,deepep,46,1024,512,0.0,
8,8,8,2,64,1024,512,deepep,47,1024,512,0.0,
8,8,8,2,64,1024,512,deepep,48,1024,512,0.0,
8,8,8,2,64,1024,512,deepep,49,1024,512,0.0,
8,8,8,2,64,1024,512,deepep,50,1024,512,0.0,
8,8,8,2,64,1024,512,deepep,51,1024,512,0.0,
8,8,8,2,64,1024,512,deepep,52,1024,512,0.0,
8,8,8,2,64,1024,512,deepep,53,1024,512,0.0,
8,8,8,2,64,1024,512,deepep,54,1024,512,0.0,
8,8,8,2,64,1024,512,deepep,55,1024,512,0.0,
8,8,8,2,64,1024,512,deepep,56,1024,512,0.0,
8,8,8,2,64,1024,512,deepep,57,1024,512,0.0,
8,8,8,2,64,1024,512,deepep,58,1024,512,0.0,
8,8,8,2,64,1024,512,deepep,59,1024,512,0.0,
8,8,8,2,64,1024,512,deepep,60,1024,512,0.0,
8,8,8,2,64,1024,512,deepep,61,1024,512,0.0,
8,8,8,2,64,1024,512,deepep,62,1024,512,0.0,
8,8,8,2,64,1024,512,deepep,63,1024,512,0.0,
8,8,8,2,64,2048,512,deepep,0,2048,512,0.0,
8,8,8,2,64,2048,512,deepep,1,2048,512,0.0,
8,8,8,2,64,2048,512,deepep,2,2048,512,0.0,
8,8,8,2,64,2048,512,deepep,3,2048,512,0.0,
8,8,8,2,64,2048,512,deepep,4,2048,512,0.0,
8,8,8,2,64,2048,512,deepep,5,2048,512,0.0,
8,8,8,2,64,2048,512,deepep,6,2048,512,0.0,
8,8,8,2,64,2048,512,deepep,7,2048,512,0.0,
8,8,8,2,64,2048,512,deepep,8,2048,512,0.0,
8,8,8,2,64,2048,512,deepep,9,2048,512,0.0,
8,8,8,2,64,2048,512,deepep,10,2048,512,0.0,
8,8,8,2,64,2048,512,deepep,11,2048,512,0.0,
8,8,8,2,64,2048,512,deepep,12,2048,512,0.0,
8,8,8,2,64,2048,512,deepep,13,2048,512,0.0,
8,8,8,2,64,2048,512,deepep,14,2048,512,0.0,
8,8,8,2,64,2048,512,deepep,15,2048,512,0.0,
8,8,8,2,64,2048,512,deepep,16,2048,512,0.0,
8,8,8,2,64,2048,512,deepep,17,2048,512,0.0,
8,8,8,2,64,2048,512,deepep,18,2048,512,0.0,
8,8,8,2,64,2048,512,deepep,19,2048,512,0.0,
8,8,8,2,64,2048,512,deepep,20,2048,512,0.0,
8,8,8,2,64,2048,512,deepep,21,2048,512,0.0,
8,8,8,2,64,2048,512,deepep,22,2048,512,0.0,
8,8,8,2,64,2048,512,deepep,23,2048,512,0.0,
8,8,8,2,64,2048,512,deepep,24,2048,512,0.0,
8,8,8,2,64,2048,512,deepep,25,2048,512,0.0,
8,8,8,2,64,2048,512,deepep,26,2048,512,0.0,
8,8,8,2,64,2048,512,deepep,27,2048,512,0.0,
8,8,8,2,64,2048,512,deepep,28,2048,512,0.0,
8,8,8,2,64,2048,512,deepep,29,2048,512,0.0,
8,8,8,2,64,2048,512,deepep,30,2048,512,0.0,
8,8,8,2,64,2048,512,deepep,31,2048,512,0.0,
8,8,8,2,64,2048,512,deepep,32,2048,512,0.0,
8,8,8,2,64,2048,512,deepep,33,2048,512,0.0,
8,8,8,2,64,2048,512,deepep,34,2048,512,0.0,
8,8,8,2,64,2048,512,deepep,35,2048,512,0.0,
8,8,8,2,64,2048,512,deepep,36,2048,512,0.0,
8,8,8,2,64,2048,512,deepep,37,2048,512,0.0,
8,8,8,2,64,2048,512,deepep,38,2048,512,0.0,
8,8,8,2,64,2048,512,deepep,39,2048,512,0.0,
8,8,8,2,64,2048,512,deepep,40,2048,512,0.0,
8,8,8,2,64,2048,512,deepep,41,2048,512,0.0,
8,8,8,2,64,2048,512,deepep,42,2048,512,0.0,
8,8,8,2,64,2048,512,deepep,43,2048,512,0.0,
8,8,8,2,64,2048,512,deepep,44,2048,512,0.0,
8,8,8,2,64,2048,512,deepep,45,2048,512,0.0,
8,8,8,2,64,2048,512,deepep,46,2048,512,0.0,
8,8,8,2,64,2048,512,deepep,47,2048,512,0.0,
8,8,8,2,64,2048,512,deepep,48,2048,512,0.0,
8,8,8,2,64,2048,512,deepep,49,2048,512,0.0,
8,8,8,2,64,2048,512,deepep,50,2048,512,0.0,
8,8,8,2,64,2048,512,deepep,51,2048,512,0.0,
8,8,8,2,64,2048,512,deepep,52,2048,512,0.0,
8,8,8,2,64,2048,512,deepep,53,2048,512,0.0,
8,8,8,2,64,2048,512,deepep,54,2048,512,0.0,
8,8,8,2,64,2048,512,deepep,55,2048,512,0.0,
8,8,8,2,64,2048,512,deepep,56,2048,512,0.0,
8,8,8,2,64,2048,512,deepep,57,2048,512,0.0,
8,8,8,2,64,2048,512,deepep,58,2048,512,0.0,
8,8,8,2,64,2048,512,deepep,59,2048,512,0.0,
8,8,8,2,64,2048,512,deepep,60,2048,512,0.0,
8,8,8,2,64,2048,512,deepep,61,2048,512,0.0,
8,8,8,2,64,2048,512,deepep,62,2048,512,0.0,
8,8,8,2,64,2048,512,deepep,63,2048,512,0.0,
8,8,8,2,64,4096,512,deepep,0,4096,512,0.0,
8,8,8,2,64,4096,512,deepep,1,4096,512,0.0,
8,8,8,2,64,4096,512,deepep,2,4096,512,0.0,
8,8,8,2,64,4096,512,deepep,3,4096,512,0.0,
8,8,8,2,64,4096,512,deepep,4,4096,512,0.0,
8,8,8,2,64,4096,512,deepep,5,4096,512,0.0,
8,8,8,2,64,4096,512,deepep,6,4096,512,0.0,
8,8,8,2,64,4096,512,deepep,7,4096,512,0.0,
8,8,8,2,64,4096,512,deepep,8,4096,512,0.0,
8,8,8,2,64,4096,512,deepep,9,4096,512,0.0,
8,8,8,2,64,4096,512,deepep,10,4096,512,0.0,
8,8,8,2,64,4096,512,deepep,11,4096,512,0.0,
8,8,8,2,64,4096,512,deepep,12,4096,512,0.0,
8,8,8,2,64,4096,512,deepep,13,4096,512,0.0,
8,8,8,2,64,4096,512,deepep,14,4096,512,0.0,
8,8,8,2,64,4096,512,deepep,15,4096,512,0.0,
8,8,8,2,64,4096,512,deepep,16,4096,512,0.0,
8,8,8,2,64,4096,512,deepep,17,4096,512,0.0,
8,8,8,2,64,4096,512,deepep,18,4096,512,0.0,
8,8,8,2,64,4096,512,deepep,19,4096,512,0.0,
8,8,8,2,64,4096,512,deepep,20,4096,512,0.0,
8,8,8,2,64,4096,512,deepep,21,4096,512,0.0,
8,8,8,2,64,4096,512,deepep,22,4096,512,0.0,
8,8,8,2,64,4096,512,deepep,23,4096,512,0.0,
8,8,8,2,64,4096,512,deepep,24,4096,512,0.0,
8,8,8,2,64,4096,512,deepep,25,4096,512,0.0,
8,8,8,2,64,4096,512,deepep,26,4096,512,0.0,
8,8,8,2,64,4096,512,deepep,27,4096,512,0.0,
8,8,8,2,64,4096,512,deepep,28,4096,512,0.0,
8,8,8,2,64,4096,512,deepep,29,4096,512,0.0,
8,8,8,2,64,4096,512,deepep,30,4096,512,0.0,
8,8,8,2,64,4096,512,deepep,31,4096,512,0.0,
8,8,8,2,64,4096,512,deepep,32,4096,512,0.0,
8,8,8,2,64,4096,512,deepep,33,4096,512,0.0,
8,8,8,2,64,4096,512,deepep,34,4096,512,0.0,
8,8,8,2,64,4096,512,deepep,35,4096,512,0.0,
8,8,8,2,64,4096,512,deepep,36,4096,512,0.0,
8,8,8,2,64,4096,512,deepep,37,4096,512,0.0,
8,8,8,2,64,4096,512,deepep,38,4096,512,0.0,
8,8,8,2,64,4096,512,deepep,39,4096,512,0.0,
8,8,8,2,64,4096,512,deepep,40,4096,512,0.0,
8,8,8,2,64,4096,512,deepep,41,4096,512,0.0,
8,8,8,2,64,4096,512,deepep,42,4096,512,0.0,
8,8,8,2,64,4096,512,deepep,43,4096,512,0.0,
8,8,8,2,64,4096,512,deepep,44,4096,512,0.0,
8,8,8,2,64,4096,512,deepep,45,4096,512,0.0,
8,8,8,2,64,4096,512,deepep,46,4096,512,0.0,
8,8,8,2,64,4096,512,deepep,47,4096,512,0.0,
8,8,8,2,64,4096,512,deepep,48,4096,512,0.0,
8,8,8,2,64,4096,512,deepep,49,4096,512,0.0,
8,8,8,2,64,4096,512,deepep,50,4096,512,0.0,
8,8,8,2,64,4096,512,deepep,51,4096,512,0.0,
8,8,8,2,64,4096,512,deepep,52,4096,512,0.0,
8,8,8,2,64,4096,512,deepep,53,4096,512,0.0,
8,8,8,2,64,4096,512,deepep,54,4096,512,0.0,
8,8,8,2,64,4096,512,deepep,55,4096,512,0.0,
8,8,8,2,64,4096,512,deepep,56,4096,512,0.0,
8,8,8,2,64,4096,512,deepep,57,4096,512,0.0,
8,8,8,2,64,4096,512,deepep,58,4096,512,0.0,
8,8,8,2,64,4096,512,deepep,59,4096,512,0.0,
8,8,8,2,64,4096,512,deepep,60,4096,512,0.0,
8,8,8,2,64,4096,512,deepep,61,4096,512,0.0,
8,8,8,2,64,4096,512,deepep,62,4096,512,0.0,
8,8,8,2,64,4096,512,deepep,63,4096,512,0.0,
8,8,8,2,64,8192,512,deepep,0,8192,512,0.0,
8,8,8,2,64,8192,512,deepep,1,8192,512,0.0,
8,8,8,2,64,8192,512,deepep,2,8192,512,0.0,
8,8,8,2,64,8192,512,deepep,3,8192,512,0.0,
8,8,8,2,64,8192,512,deepep,4,8192,512,0.0,
8,8,8,2,64,8192,512,deepep,5,8192,512,0.0,
8,8,8,2,64,8192,512,deepep,6,8192,512,0.0,
8,8,8,2,64,8192,512,deepep,7,8192,512,0.0,
8,8,8,2,64,8192,512,deepep,8,8192,512,0.0,
8,8,8,2,64,8192,512,deepep,9,8192,512,0.0,
8,8,8,2,64,8192,512,deepep,10,8192,512,0.0,
8,8,8,2,64,8192,512,deepep,11,8192,512,0.0,
8,8,8,2,64,8192,512,deepep,12,8192,512,0.0,
8,8,8,2,64,8192,512,deepep,13,8192,512,0.0,
8,8,8,2,64,8192,512,deepep,14,8192,512,0.0,
8,8,8,2,64,8192,512,deepep,15,8192,512,0.0,
8,8,8,2,64,8192,512,deepep,16,8192,512,0.0,
8,8,8,2,64,8192,512,deepep,17,8192,512,0.0,
8,8,8,2,64,8192,512,deepep,18,8192,512,0.0,
8,8,8,2,64,8192,512,deepep,19,8192,512,0.0,
8,8,8,2,64,8192,512,deepep,20,8192,512,0.0,
8,8,8,2,64,8192,512,deepep,21,8192,512,0.0,
8,8,8,2,64,8192,512,deepep,22,8192,512,0.0,
8,8,8,2,64,8192,512,deepep,23,8192,512,0.0,
8,8,8,2,64,8192,512,deepep,24,8192,512,0.0,
8,8,8,2,64,8192,512,deepep,25,8192,512,0.0,
8,8,8,2,64,8192,512,deepep,26,8192,512,0.0,
8,8,8,2,64,8192,512,deepep,27,8192,512,0.0,
8,8,8,2,64,8192,512,deepep,28,8192,512,0.0,
8,8,8,2,64,8192,512,deepep,29,8192,512,0.0,
8,8,8,2,64,8192,512,deepep,30,8192,512,0.0,
8,8,8,2,64,8192,512,deepep,31,8192,512,0.0,
8,8,8,2,64,8192,512,deepep,32,8192,512,0.0,
8,8,8,2,64,8192,512,deepep,33,8192,512,0.0,
8,8,8,2,64,8192,512,deepep,34,8192,512,0.0,
8,8,8,2,64,8192,512,deepep,35,8192,512,0.0,
8,8,8,2,64,8192,512,deepep,36,8192,512,0.0,
8,8,8,2,64,8192,512,deepep,37,8192,512,0.0,
8,8,8,2,64,8192,512,deepep,38,8192,512,0.0,
8,8,8,2,64,8192,512,deepep,39,8192,512,0.0,
8,8,8,2,64,8192,512,deepep,40,8192,512,0.0,
8,8,8,2,64,8192,512,deepep,41,8192,512,0.0,
8,8,8,2,64,8192,512,deepep,42,8192,512,0.0,
8,8,8,2,64,8192,512,deepep,43,8192,512,0.0,
8,8,8,2,64,8192,512,deepep,44,8192,512,0.0,
8,8,8,2,64,8192,512,deepep,45,8192,512,0.0,
8,8,8,2,64,8192,512,deepep,46,8192,512,0.0,
8,8,8,2,64,8192,512,deepep,47,8192,512,0.0,
8,8,8,2,64,8192,512,deepep,48,8192,512,0.0,
8,8,8,2,64,8192,512,deepep,49,8192,512,0.0,
8,8,8,2,64,8192,512,deepep,50,8192,512,0.0,
8,8,8,2,64,8192,512,deepep,51,8192,512,0.0,
8,8,8,2,64,8192,512,deepep,52,8192,512,0.0,
8,8,8,2,64,8192,512,deepep,53,8192,512,0.0,
8,8,8,2,64,8192,512,deepep,54,8192,512,0.0,
8,8,8,2,64,8192,512,deepep,55,8192,512,0.0,
8,8,8,2,64,8192,512,deepep,56,8192,512,0.0,
8,8,8,2,64,8192,512,deepep,57,8192,512,0.0,
8,8,8,2,64,8192,512,deepep,58,8192,512,0.0,
8,8,8,2,64,8192,512,deepep,59,8192,512,0.0,
8,8,8,2,64,8192,512,deepep,60,8192,512,0.0,
8,8,8,2,64,8192,512,deepep,61,8192,512,0.0,
8,8,8,2,64,8192,512,deepep,62,8192,512,0.0,
8,8,8,2,64,8192,512,deepep,63,8192,512,0.0,
8,8,8,2,8,1024,512,deepep,0,1024,512,0.0,
8,8,8,2,8,1024,512,deepep,1,1024,512,0.0,
8,8,8,2,8,1024,512,deepep,2,1024,512,0.0,
8,8,8,2,8,1024,512,deepep,3,1024,512,0.0,
8,8,8,2,8,1024,512,deepep,4,1024,512,0.0,
8,8,8,2,8,1024,512,deepep,5,1024,512,0.0,
8,8,8,2,8,1024,512,deepep,6,1024,512,0.0,
8,8,8,2,8,1024,512,deepep,7,1024,512,0.0,
8,8,8,2,8,16384,512,deepep,0,16384,512,0.0,
8,8,8,2,8,16384,512,deepep,1,16384,512,0.0,
8,8,8,2,8,16384,512,deepep,2,16384,512,0.0,
8,8,8,2,8,16384,512,deepep,3,16384,512,0.0,
8,8,8,2,8,16384,512,deepep,4,16384,512,0.0,
8,8,8,2,8,16384,512,deepep,5,16384,512,0.0,
8,8,8,2,8,16384,512,deepep,6,16384,512,0.0,
8,8,8,2,8,16384,512,deepep,7,16384,512,0.0,
8,8,8,2,8,2048,512,deepep,0,2048,512,0.0,
8,8,8,2,8,2048,512,deepep,1,2048,512,0.0,
8,8,8,2,8,2048,512,deepep,2,2048,512,0.0,
8,8,8,2,8,2048,512,deepep,3,2048,512,0.0,
8,8,8,2,8,2048,512,deepep,4,2048,512,0.0,
8,8,8,2,8,2048,512,deepep,5,2048,512,0.0,
8,8,8,2,8,2048,512,deepep,6,2048,512,0.0,
8,8,8,2,8,2048,512,deepep,7,2048,512,0.0,
8,8,8,2,8,32768,512,deepep,0,32768,512,0.0,
8,8,8,2,8,32768,512,deepep,1,32768,512,0.0,
8,8,8,2,8,32768,512,deepep,2,32768,512,0.0,
8,8,8,2,8,32768,512,deepep,3,32768,512,0.0,
8,8,8,2,8,32768,512,deepep,4,32768,512,0.0,
8,8,8,2,8,32768,512,deepep,5,32768,512,0.0,
8,8,8,2,8,32768,512,deepep,6,32768,512,0.0,
8,8,8,2,8,32768,512,deepep,7,32768,512,0.0,
8,8,8,2,8,4096,512,deepep,0,4096,512,0.0,
8,8,8,2,8,4096,512,deepep,1,4096,512,0.0,
8,8,8,2,8,4096,512,deepep,2,4096,512,0.0,
8,8,8,2,8,4096,512,deepep,3,4096,512,0.0,
8,8,8,2,8,4096,512,deepep,4,4096,512,0.0,
8,8,8,2,8,4096,512,deepep,5,4096,512,0.0,
8,8,8,2,8,4096,512,deepep,6,4096,512,0.0,
8,8,8,2,8,4096,512,deepep,7,4096,512,0.0,
8,8,8,2,8,65536,512,deepep,0,65536,512,0.0,
8,8,8,2,8,65536,512,deepep,1,65536,512,0.0,
8,8,8,2,8,65536,512,deepep,2,65536,512,0.0,
8,8,8,2,8,65536,512,deepep,3,65536,512,0.0,
8,8,8,2,8,65536,512,deepep,4,65536,512,0.0,
8,8,8,2,8,65536,512,deepep,5,65536,512,0.0,
8,8,8,2,8,65536,512,deepep,6,65536,512,0.0,
8,8,8,2,8,65536,512,deepep,7,65536,512,0.0,
8,8,8,2,8,8192,512,deepep,0,8192,512,0.0,
8,8,8,2,8,8192,512,deepep,1,8192,512,0.0,
8,8,8,2,8,8192,512,deepep,2,8192,512,0.0,
8,8,8,2,8,8192,512,deepep,3,8192,512,0.0,
8,8,8,2,8,8192,512,deepep,4,8192,512,0.0,
8,8,8,2,8,8192,512,deepep,5,8192,512,0.0,
8,8,8,2,8,8192,512,deepep,6,8192,512,0.0,
8,8,8,2,8,8192,512,deepep,7,8192,512,0.0,
